{"offline_id": "5c6b49b446ee4cb2996ea03019590902", "project_name": "yolov5", "start_time": 1726562504501, "stop_time": 1726562509866, "tags": [], "workspace": null, "resume_strategy": "create", "customer_error_reported": true, "customer_error_message": "Unexpected error detected in the user script: RuntimeError('Sizes of tensors must match except in dimension 1. Expected size 16 but got size 32 for tensor number 1 in the list.')", "user_provided_experiment_key": false, "comet_start_sourced": false}