{"offline_id": "9320a343d2f24ed19dfbef94adef5a19", "project_name": "yolov5", "start_time": 1726246730879, "stop_time": 1726246736531, "tags": [], "workspace": null, "resume_strategy": "create", "customer_error_reported": true, "customer_error_message": "Unexpected error detected in the user script: URLError(SSLCertVerificationError(1, '[SSL: CERTIFICATE_VERIFY_FAILED] certificate verify failed: unable to get local issuer certificate (_ssl.c:1000)'))", "user_provided_experiment_key": false, "comet_start_sourced": false}