{"payload":{"installed_packages":["appnope==0.1.4","asttokens==2.4.1","attrs==23.2.0","certifi==2024.6.2","charset-normalizer==3.3.2","comet-ml==3.43.1","comm==0.2.2","configobj==5.0.8","contourpy==1.2.1","cycler==0.12.1","debugpy==1.8.1","decorator==5.1.1","dulwich==0.22.1","everett==3.1.0","executing==2.0.1","filelock==3.15.1","fonttools==4.53.0","fsspec==2024.6.0","gitdb==4.0.11","gitpython==3.1.43","idna==3.7","ipykernel==6.29.4","ipython==8.25.0","jedi==0.19.1","jinja2==3.1.4","jsonschema==4.22.0","jsonschema-specifications==2023.12.1","jupyter_client==8.6.2","jupyter_core==5.7.2","kiwisolver==1.4.5","markdown-it-py==3.0.0","markupsafe==2.1.5","matplotlib==3.9.0","matplotlib-inline==0.1.7","mdurl==0.1.2","mpmath==1.3.0","nest-asyncio==1.6.0","networkx==3.3","numpy==1.26.4","opencv-python==4.10.0.82","packaging==24.1","pandas==2.2.2","parso==0.8.4","pexpect==4.9.0","pillow==10.3.0","pip==24.0","platformdirs==4.2.2","prompt_toolkit==3.0.47","psutil==5.9.8","ptyprocess==0.7.0","pure-eval==0.2.2","py-cpuinfo==9.0.0","pygments==2.18.0","pyparsing==3.1.2","python-box==6.1.0","python-dateutil==2.9.0.post0","pytz==2024.1","pyyaml==6.0.1","pyzmq==26.0.3","referencing==0.35.1","requests==2.32.3","requests-toolbelt==1.0.0","rich==13.7.1","rpds-py==0.18.1","scipy==1.13.1","seaborn==0.13.2","semantic-version==2.10.0","sentry-sdk==2.5.1","setuptools==70.0.0","simplejson==3.19.2","six==1.16.0","smmap==5.0.1","stack-data==0.6.3","sympy==1.12.1","thop==0.1.1-2209072238","torch==2.3.1","torchvision==0.18.1","tornado==6.4.1","tqdm==4.66.4","traitlets==5.14.3","typing_extensions==4.12.2","tzdata==2024.1","ultralytics==8.2.92","ultralytics-thop==2.0.6","urllib3==2.2.1","wcwidth==0.2.13","wheel==0.43.0","wrapt==1.16.0","wurlitzer==3.1.1"],"message_id":1},"type":"installed_packages"}
{"payload":{"command":["train.py","--img","640","--batch","16","--epochs","50","--data","/Users/camilleygrubay/projects/data-2/data.yaml","--cfg","models/yolov5s.yaml","--weights","","--name","yolov5s_cbam"],"env":null,"hostname":"chichi.local","ip":"192.168.55.103","machine":"arm64","message_id":2,"os":"macOS-14.0-arm64-arm-64bit","os_release":"23.0.0","os_type":"Darwin","pid":99876,"processor":"arm","python_exe":"/usr/local/bin/python3","python_version":"3.12.4","python_version_verbose":"3.12.4 (v3.12.4:8e8a4baf65, Jun  6 2024, 17:33:18) [Clang 13.0.0 (clang-1300.0.29.30)]","user":"camilleygrubay"},"type":"system_details"}
{"payload":{"local_timestamp":1726246735206,"message_id":3,"metric":{"epoch":null,"metricName":"sys.cpu.percent.avg","metricValue":0.0,"step":null}},"type":"metric_msg"}
{"payload":{"local_timestamp":1726246735206,"message_id":4,"metric":{"epoch":null,"metricName":"sys.ram.total","metricValue":8589934592,"step":null}},"type":"metric_msg"}
{"payload":{"local_timestamp":1726246735206,"message_id":5,"metric":{"epoch":null,"metricName":"sys.ram.used","metricValue":6974423040,"step":null}},"type":"metric_msg"}
{"payload":{"local_timestamp":1726246735206,"message_id":6,"metric":{"epoch":null,"metricName":"sys.ram.available","metricValue":1615511552,"step":null}},"type":"metric_msg"}
{"payload":{"local_timestamp":1726246735206,"message_id":7,"metric":{"epoch":null,"metricName":"sys.ram.percent.used","metricValue":81.2,"step":null}},"type":"metric_msg"}
{"payload":{"local_timestamp":1726246735206,"message_id":8,"metric":{"epoch":null,"metricName":"sys.load.avg","metricValue":2.70166015625,"step":null}},"type":"metric_msg"}
{"payload":{"local_timestamp":1726246735207,"message_id":9,"output":"\u001b[1;38;5;196mCOMET ERROR:\u001b[0m Failed to set run cmd args\n","stderr":true},"type":"standard_output"}
{"payload":{"key":"offline_experiment","message_id":10,"value":true},"type":"log_other"}
{"payload":{"key":"Name","message_id":11,"value":"yolov5s_cbam"},"type":"log_other"}
{"payload":{"additional_params":{"assetId":"ac2fa37399854b319f11128a2e7a0ca1","context":null,"extension":"yaml","fileName":"data.yaml","overwrite":false,"runId":null,"step":null},"clean":true,"file_path":"tmpomr2_nh6","local_timestamp":1726246735211,"message_id":12,"metadata":{"type":"data-config-file"},"upload_type":"asset"},"type":"file_upload"}
{"payload":{"local_timestamp":1726246735215,"message_id":13,"output":"Downloading https://github.com/ultralytics/assets/releases/download/v0.0.0/Arial.ttf to /Users/camilleygrubay/Library/Application Support/Ultralytics/Arial.ttf...\n","stderr":true},"type":"standard_output"}
{"payload":{"git_metadata":{"branch":"refs/heads/master","origin":"https://github.com/ultralytics/yolov5","parent":"f7322921acec565c1296a47305db6de3b5a593f7","repo_name":"yolov5","root":"1e84a23f38fad9e52b59101e9f1246d93066ed1e","status":null,"user":null},"message_id":14},"type":"git_metadata"}
{"payload":{"local_timestamp":1726246735417,"message_id":15,"metric":{"epoch":null,"metricName":"sys.disk.root.used","metricValue":14832533504,"step":null}},"type":"metric_msg"}
{"payload":{"local_timestamp":1726246735417,"message_id":16,"metric":{"epoch":null,"metricName":"sys.disk.root.percent.used","metricValue":45.7,"step":null}},"type":"metric_msg"}
{"payload":{"local_timestamp":1726246735847,"message_id":17,"output":"Traceback (most recent call last):\n","stderr":true},"type":"standard_output"}
{"payload":{"local_timestamp":1726246735847,"message_id":18,"output":"  File \"/Library/Frameworks/Python.framework/Versions/3.12/lib/python3.12/urllib/request.py\", line 1344, in do_open\n","stderr":true},"type":"standard_output"}
{"payload":{"local_timestamp":1726246735849,"message_id":19,"output":"    ","stderr":true},"type":"standard_output"}
{"payload":{"local_timestamp":1726246735849,"message_id":20,"output":"h.request(req.get_method(), req.selector, req.data, headers,","stderr":true},"type":"standard_output"}
{"payload":{"local_timestamp":1726246735849,"message_id":21,"output":"\n","stderr":true},"type":"standard_output"}
{"payload":{"local_timestamp":1726246735850,"message_id":22,"output":"  File \"/Library/Frameworks/Python.framework/Versions/3.12/lib/python3.12/http/client.py\", line 1336, in request\n","stderr":true},"type":"standard_output"}
{"payload":{"local_timestamp":1726246735852,"message_id":23,"output":"    ","stderr":true},"type":"standard_output"}
{"payload":{"local_timestamp":1726246735852,"message_id":24,"output":"self._send_request(method, url, body, headers, encode_chunked)","stderr":true},"type":"standard_output"}
{"payload":{"local_timestamp":1726246735852,"message_id":25,"output":"\n","stderr":true},"type":"standard_output"}
{"payload":{"local_timestamp":1726246735852,"message_id":26,"output":"  File \"/Library/Frameworks/Python.framework/Versions/3.12/lib/python3.12/http/client.py\", line 1382, in _send_request\n","stderr":true},"type":"standard_output"}
{"payload":{"local_timestamp":1726246735853,"message_id":27,"output":"    ","stderr":true},"type":"standard_output"}
{"payload":{"local_timestamp":1726246735853,"message_id":28,"output":"self.endheaders(body, encode_chunked=encode_chunked)","stderr":true},"type":"standard_output"}
{"payload":{"local_timestamp":1726246735853,"message_id":29,"output":"\n","stderr":true},"type":"standard_output"}
{"payload":{"local_timestamp":1726246735853,"message_id":30,"output":"  File \"/Library/Frameworks/Python.framework/Versions/3.12/lib/python3.12/http/client.py\", line 1331, in endheaders\n","stderr":true},"type":"standard_output"}
{"payload":{"local_timestamp":1726246735854,"message_id":31,"output":"    ","stderr":true},"type":"standard_output"}
{"payload":{"local_timestamp":1726246735854,"message_id":32,"output":"self._send_output(message_body, encode_chunked=encode_chunked)","stderr":true},"type":"standard_output"}
{"payload":{"local_timestamp":1726246735854,"message_id":33,"output":"\n","stderr":true},"type":"standard_output"}
{"payload":{"local_timestamp":1726246735854,"message_id":34,"output":"  File \"/Library/Frameworks/Python.framework/Versions/3.12/lib/python3.12/http/client.py\", line 1091, in _send_output\n","stderr":true},"type":"standard_output"}
{"payload":{"local_timestamp":1726246735855,"message_id":35,"output":"    ","stderr":true},"type":"standard_output"}
{"payload":{"local_timestamp":1726246735855,"message_id":36,"output":"self.send(msg)","stderr":true},"type":"standard_output"}
{"payload":{"local_timestamp":1726246735855,"message_id":37,"output":"\n","stderr":true},"type":"standard_output"}
{"payload":{"local_timestamp":1726246735855,"message_id":38,"output":"  File \"/Library/Frameworks/Python.framework/Versions/3.12/lib/python3.12/http/client.py\", line 1035, in send\n","stderr":true},"type":"standard_output"}
{"payload":{"local_timestamp":1726246735855,"message_id":39,"output":"    ","stderr":true},"type":"standard_output"}
{"payload":{"local_timestamp":1726246735855,"message_id":40,"output":"self.connect()","stderr":true},"type":"standard_output"}
{"payload":{"local_timestamp":1726246735855,"message_id":41,"output":"\n","stderr":true},"type":"standard_output"}
{"payload":{"local_timestamp":1726246735855,"message_id":42,"output":"  File \"/Library/Frameworks/Python.framework/Versions/3.12/lib/python3.12/http/client.py\", line 1477, in connect\n","stderr":true},"type":"standard_output"}
{"payload":{"local_timestamp":1726246735856,"message_id":43,"output":"    ","stderr":true},"type":"standard_output"}
{"payload":{"local_timestamp":1726246735856,"message_id":44,"output":"self.sock = self._context.wrap_socket(self.sock,","stderr":true},"type":"standard_output"}
{"payload":{"local_timestamp":1726246735856,"message_id":45,"output":"\n","stderr":true},"type":"standard_output"}
{"payload":{"local_timestamp":1726246735856,"message_id":46,"output":" ","stderr":true},"type":"standard_output"}
{"payload":{"local_timestamp":1726246735856,"message_id":47,"output":" ","stderr":true},"type":"standard_output"}
{"payload":{"local_timestamp":1726246735856,"message_id":48,"output":" ","stderr":true},"type":"standard_output"}
{"payload":{"local_timestamp":1726246735856,"message_id":49,"output":" ","stderr":true},"type":"standard_output"}
{"payload":{"local_timestamp":1726246735856,"message_id":50,"output":" ","stderr":true},"type":"standard_output"}
{"payload":{"local_timestamp":1726246735856,"message_id":51,"output":" ","stderr":true},"type":"standard_output"}
{"payload":{"local_timestamp":1726246735856,"message_id":52,"output":" ","stderr":true},"type":"standard_output"}
{"payload":{"local_timestamp":1726246735856,"message_id":53,"output":" ","stderr":true},"type":"standard_output"}
{"payload":{"local_timestamp":1726246735856,"message_id":54,"output":" ","stderr":true},"type":"standard_output"}
{"payload":{"local_timestamp":1726246735856,"message_id":55,"output":" ","stderr":true},"type":"standard_output"}
{"payload":{"local_timestamp":1726246735856,"message_id":56,"output":" ","stderr":true},"type":"standard_output"}
{"payload":{"local_timestamp":1726246735856,"message_id":57,"output":" ","stderr":true},"type":"standard_output"}
{"payload":{"local_timestamp":1726246735856,"message_id":58,"output":" ","stderr":true},"type":"standard_output"}
{"payload":{"local_timestamp":1726246735856,"message_id":59,"output":" ","stderr":true},"type":"standard_output"}
{"payload":{"local_timestamp":1726246735856,"message_id":60,"output":" ","stderr":true},"type":"standard_output"}
{"payload":{"local_timestamp":1726246735856,"message_id":61,"output":" ","stderr":true},"type":"standard_output"}
{"payload":{"local_timestamp":1726246735856,"message_id":62,"output":"^","stderr":true},"type":"standard_output"}
{"payload":{"local_timestamp":1726246735856,"message_id":63,"output":"^","stderr":true},"type":"standard_output"}
{"payload":{"local_timestamp":1726246735856,"message_id":64,"output":"^","stderr":true},"type":"standard_output"}
{"payload":{"local_timestamp":1726246735856,"message_id":65,"output":"^","stderr":true},"type":"standard_output"}
{"payload":{"local_timestamp":1726246735857,"message_id":66,"output":"^","stderr":true},"type":"standard_output"}
{"payload":{"local_timestamp":1726246735857,"message_id":67,"output":"^","stderr":true},"type":"standard_output"}
{"payload":{"local_timestamp":1726246735857,"message_id":68,"output":"^","stderr":true},"type":"standard_output"}
{"payload":{"local_timestamp":1726246735857,"message_id":69,"output":"^","stderr":true},"type":"standard_output"}
{"payload":{"local_timestamp":1726246735857,"message_id":70,"output":"^","stderr":true},"type":"standard_output"}
{"payload":{"local_timestamp":1726246735857,"message_id":71,"output":"^","stderr":true},"type":"standard_output"}
{"payload":{"local_timestamp":1726246735857,"message_id":72,"output":"^","stderr":true},"type":"standard_output"}
{"payload":{"local_timestamp":1726246735857,"message_id":73,"output":"^","stderr":true},"type":"standard_output"}
{"payload":{"local_timestamp":1726246735857,"message_id":74,"output":"^","stderr":true},"type":"standard_output"}
{"payload":{"local_timestamp":1726246735857,"message_id":75,"output":"^","stderr":true},"type":"standard_output"}
{"payload":{"local_timestamp":1726246735857,"message_id":76,"output":"^","stderr":true},"type":"standard_output"}
{"payload":{"local_timestamp":1726246735857,"message_id":77,"output":"^","stderr":true},"type":"standard_output"}
{"payload":{"local_timestamp":1726246735857,"message_id":78,"output":"^","stderr":true},"type":"standard_output"}
{"payload":{"local_timestamp":1726246735857,"message_id":79,"output":"^","stderr":true},"type":"standard_output"}
{"payload":{"local_timestamp":1726246735857,"message_id":80,"output":"^","stderr":true},"type":"standard_output"}
{"payload":{"local_timestamp":1726246735857,"message_id":81,"output":"^","stderr":true},"type":"standard_output"}
{"payload":{"local_timestamp":1726246735857,"message_id":82,"output":"^","stderr":true},"type":"standard_output"}
{"payload":{"local_timestamp":1726246735857,"message_id":83,"output":"^","stderr":true},"type":"standard_output"}
{"payload":{"local_timestamp":1726246735857,"message_id":84,"output":"^","stderr":true},"type":"standard_output"}
{"payload":{"local_timestamp":1726246735857,"message_id":85,"output":"^","stderr":true},"type":"standard_output"}
{"payload":{"local_timestamp":1726246735857,"message_id":86,"output":"^","stderr":true},"type":"standard_output"}
{"payload":{"local_timestamp":1726246735857,"message_id":87,"output":"^","stderr":true},"type":"standard_output"}
{"payload":{"local_timestamp":1726246735857,"message_id":88,"output":"^","stderr":true},"type":"standard_output"}
{"payload":{"local_timestamp":1726246735857,"message_id":89,"output":"^","stderr":true},"type":"standard_output"}
{"payload":{"local_timestamp":1726246735857,"message_id":90,"output":"^","stderr":true},"type":"standard_output"}
{"payload":{"local_timestamp":1726246735857,"message_id":91,"output":"^","stderr":true},"type":"standard_output"}
{"payload":{"local_timestamp":1726246735857,"message_id":92,"output":"^","stderr":true},"type":"standard_output"}
{"payload":{"local_timestamp":1726246735857,"message_id":93,"output":"^","stderr":true},"type":"standard_output"}
{"payload":{"local_timestamp":1726246735857,"message_id":94,"output":"^","stderr":true},"type":"standard_output"}
{"payload":{"local_timestamp":1726246735857,"message_id":95,"output":"^","stderr":true},"type":"standard_output"}
{"payload":{"local_timestamp":1726246735857,"message_id":96,"output":"^","stderr":true},"type":"standard_output"}
{"payload":{"local_timestamp":1726246735857,"message_id":97,"output":"^","stderr":true},"type":"standard_output"}
{"payload":{"local_timestamp":1726246735857,"message_id":98,"output":"\n","stderr":true},"type":"standard_output"}
{"payload":{"local_timestamp":1726246735857,"message_id":99,"output":"  File \"/Library/Frameworks/Python.framework/Versions/3.12/lib/python3.12/ssl.py\", line 455, in wrap_socket\n","stderr":true},"type":"standard_output"}
{"payload":{"local_timestamp":1726246735858,"message_id":100,"output":"    ","stderr":true},"type":"standard_output"}
{"payload":{"local_timestamp":1726246735858,"message_id":101,"output":"return self.sslsocket_class._create(","stderr":true},"type":"standard_output"}
{"payload":{"local_timestamp":1726246735858,"message_id":102,"output":"\n","stderr":true},"type":"standard_output"}
{"payload":{"local_timestamp":1726246735858,"message_id":103,"output":" ","stderr":true},"type":"standard_output"}
{"payload":{"local_timestamp":1726246735858,"message_id":104,"output":" ","stderr":true},"type":"standard_output"}
{"payload":{"local_timestamp":1726246735858,"message_id":105,"output":" ","stderr":true},"type":"standard_output"}
{"payload":{"local_timestamp":1726246735858,"message_id":106,"output":" ","stderr":true},"type":"standard_output"}
{"payload":{"local_timestamp":1726246735858,"message_id":107,"output":" ","stderr":true},"type":"standard_output"}
{"payload":{"local_timestamp":1726246735858,"message_id":108,"output":" ","stderr":true},"type":"standard_output"}
{"payload":{"local_timestamp":1726246735858,"message_id":109,"output":" ","stderr":true},"type":"standard_output"}
{"payload":{"local_timestamp":1726246735858,"message_id":110,"output":" ","stderr":true},"type":"standard_output"}
{"payload":{"local_timestamp":1726246735858,"message_id":111,"output":" ","stderr":true},"type":"standard_output"}
{"payload":{"local_timestamp":1726246735858,"message_id":112,"output":" ","stderr":true},"type":"standard_output"}
{"payload":{"local_timestamp":1726246735858,"message_id":113,"output":" ","stderr":true},"type":"standard_output"}
{"payload":{"local_timestamp":1726246735858,"message_id":114,"output":"^","stderr":true},"type":"standard_output"}
{"payload":{"local_timestamp":1726246735858,"message_id":115,"output":"^","stderr":true},"type":"standard_output"}
{"payload":{"local_timestamp":1726246735858,"message_id":116,"output":"^","stderr":true},"type":"standard_output"}
{"payload":{"local_timestamp":1726246735858,"message_id":117,"output":"^","stderr":true},"type":"standard_output"}
{"payload":{"local_timestamp":1726246735858,"message_id":118,"output":"^","stderr":true},"type":"standard_output"}
{"payload":{"local_timestamp":1726246735858,"message_id":119,"output":"^","stderr":true},"type":"standard_output"}
{"payload":{"local_timestamp":1726246735858,"message_id":120,"output":"^","stderr":true},"type":"standard_output"}
{"payload":{"local_timestamp":1726246735858,"message_id":121,"output":"^","stderr":true},"type":"standard_output"}
{"payload":{"local_timestamp":1726246735858,"message_id":122,"output":"^","stderr":true},"type":"standard_output"}
{"payload":{"local_timestamp":1726246735858,"message_id":123,"output":"^","stderr":true},"type":"standard_output"}
{"payload":{"local_timestamp":1726246735858,"message_id":124,"output":"^","stderr":true},"type":"standard_output"}
{"payload":{"local_timestamp":1726246735858,"message_id":125,"output":"^","stderr":true},"type":"standard_output"}
{"payload":{"local_timestamp":1726246735858,"message_id":126,"output":"^","stderr":true},"type":"standard_output"}
{"payload":{"local_timestamp":1726246735858,"message_id":127,"output":"^","stderr":true},"type":"standard_output"}
{"payload":{"local_timestamp":1726246735858,"message_id":128,"output":"^","stderr":true},"type":"standard_output"}
{"payload":{"local_timestamp":1726246735858,"message_id":129,"output":"^","stderr":true},"type":"standard_output"}
{"payload":{"local_timestamp":1726246735858,"message_id":130,"output":"^","stderr":true},"type":"standard_output"}
{"payload":{"local_timestamp":1726246735858,"message_id":131,"output":"^","stderr":true},"type":"standard_output"}
{"payload":{"local_timestamp":1726246735858,"message_id":132,"output":"^","stderr":true},"type":"standard_output"}
{"payload":{"local_timestamp":1726246735858,"message_id":133,"output":"^","stderr":true},"type":"standard_output"}
{"payload":{"local_timestamp":1726246735858,"message_id":134,"output":"^","stderr":true},"type":"standard_output"}
{"payload":{"local_timestamp":1726246735858,"message_id":135,"output":"^","stderr":true},"type":"standard_output"}
{"payload":{"local_timestamp":1726246735858,"message_id":136,"output":"^","stderr":true},"type":"standard_output"}
{"payload":{"local_timestamp":1726246735858,"message_id":137,"output":"^","stderr":true},"type":"standard_output"}
{"payload":{"local_timestamp":1726246735858,"message_id":138,"output":"^","stderr":true},"type":"standard_output"}
{"payload":{"local_timestamp":1726246735858,"message_id":139,"output":"^","stderr":true},"type":"standard_output"}
{"payload":{"local_timestamp":1726246735858,"message_id":140,"output":"^","stderr":true},"type":"standard_output"}
{"payload":{"local_timestamp":1726246735858,"message_id":141,"output":"^","stderr":true},"type":"standard_output"}
{"payload":{"local_timestamp":1726246735858,"message_id":142,"output":"^","stderr":true},"type":"standard_output"}
{"payload":{"local_timestamp":1726246735858,"message_id":143,"output":"\n","stderr":true},"type":"standard_output"}
{"payload":{"local_timestamp":1726246735858,"message_id":144,"output":"  File \"/Library/Frameworks/Python.framework/Versions/3.12/lib/python3.12/ssl.py\", line 1042, in _create\n","stderr":true},"type":"standard_output"}
{"payload":{"local_timestamp":1726246735859,"message_id":145,"output":"    ","stderr":true},"type":"standard_output"}
{"payload":{"local_timestamp":1726246735859,"message_id":146,"output":"self.do_handshake()","stderr":true},"type":"standard_output"}
{"payload":{"local_timestamp":1726246735859,"message_id":147,"output":"\n","stderr":true},"type":"standard_output"}
{"payload":{"local_timestamp":1726246735859,"message_id":148,"output":"  File \"/Library/Frameworks/Python.framework/Versions/3.12/lib/python3.12/ssl.py\", line 1320, in do_handshake\n","stderr":true},"type":"standard_output"}
{"payload":{"local_timestamp":1726246735860,"message_id":149,"output":"    ","stderr":true},"type":"standard_output"}
{"payload":{"local_timestamp":1726246735860,"message_id":150,"output":"self._sslobj.do_handshake()","stderr":true},"type":"standard_output"}
{"payload":{"local_timestamp":1726246735860,"message_id":151,"output":"\n","stderr":true},"type":"standard_output"}
{"payload":{"local_timestamp":1726246735860,"message_id":152,"output":"ssl","stderr":true},"type":"standard_output"}
{"payload":{"local_timestamp":1726246735860,"message_id":153,"output":".","stderr":true},"type":"standard_output"}
{"payload":{"local_timestamp":1726246735860,"message_id":154,"output":"SSLCertVerificationError","stderr":true},"type":"standard_output"}
{"payload":{"local_timestamp":1726246735860,"message_id":155,"output":": ","stderr":true},"type":"standard_output"}
{"payload":{"local_timestamp":1726246735860,"message_id":156,"output":"[SSL: CERTIFICATE_VERIFY_FAILED] certificate verify failed: unable to get local issuer certificate (_ssl.c:1000)","stderr":true},"type":"standard_output"}
{"payload":{"local_timestamp":1726246735860,"message_id":157,"output":"\n","stderr":true},"type":"standard_output"}
{"payload":{"local_timestamp":1726246735860,"message_id":158,"output":"\n","stderr":true},"type":"standard_output"}
{"payload":{"local_timestamp":1726246735860,"message_id":159,"output":"During handling of the above exception, another exception occurred:\n","stderr":true},"type":"standard_output"}
{"payload":{"local_timestamp":1726246735860,"message_id":160,"output":"\n","stderr":true},"type":"standard_output"}
{"payload":{"local_timestamp":1726246735860,"message_id":161,"output":"Traceback (most recent call last):\n","stderr":true},"type":"standard_output"}
{"payload":{"local_timestamp":1726246735860,"message_id":162,"output":"  File \"/Users/camilleygrubay/Projects/yolov5/train.py\", line 986, in <module>\n","stderr":true},"type":"standard_output"}
{"payload":{"local_timestamp":1726246735862,"message_id":163,"output":"    ","stderr":true},"type":"standard_output"}
{"payload":{"local_timestamp":1726246735862,"message_id":164,"output":"main(opt)","stderr":true},"type":"standard_output"}
{"payload":{"local_timestamp":1726246735862,"message_id":165,"output":"\n","stderr":true},"type":"standard_output"}
{"payload":{"local_timestamp":1726246735862,"message_id":166,"output":"  File \"/Users/camilleygrubay/Projects/yolov5/train.py\", line 688, in main\n","stderr":true},"type":"standard_output"}
{"payload":{"local_timestamp":1726246735862,"message_id":167,"output":"    ","stderr":true},"type":"standard_output"}
{"payload":{"local_timestamp":1726246735862,"message_id":168,"output":"train(opt.hyp, opt, device, callbacks)","stderr":true},"type":"standard_output"}
{"payload":{"local_timestamp":1726246735862,"message_id":169,"output":"\n","stderr":true},"type":"standard_output"}
{"payload":{"local_timestamp":1726246735862,"message_id":170,"output":"  File \"/Users/camilleygrubay/Projects/yolov5/train.py\", line 180, in train\n","stderr":true},"type":"standard_output"}
{"payload":{"local_timestamp":1726246735863,"message_id":171,"output":"    ","stderr":true},"type":"standard_output"}
{"payload":{"local_timestamp":1726246735863,"message_id":172,"output":"loggers = Loggers(","stderr":true},"type":"standard_output"}
{"payload":{"local_timestamp":1726246735863,"message_id":173,"output":"\n","stderr":true},"type":"standard_output"}
{"payload":{"local_timestamp":1726246735863,"message_id":174,"output":" ","stderr":true},"type":"standard_output"}
{"payload":{"local_timestamp":1726246735863,"message_id":175,"output":" ","stderr":true},"type":"standard_output"}
{"payload":{"local_timestamp":1726246735863,"message_id":176,"output":" ","stderr":true},"type":"standard_output"}
{"payload":{"local_timestamp":1726246735863,"message_id":177,"output":" ","stderr":true},"type":"standard_output"}
{"payload":{"local_timestamp":1726246735863,"message_id":178,"output":" ","stderr":true},"type":"standard_output"}
{"payload":{"local_timestamp":1726246735863,"message_id":179,"output":" ","stderr":true},"type":"standard_output"}
{"payload":{"local_timestamp":1726246735863,"message_id":180,"output":" ","stderr":true},"type":"standard_output"}
{"payload":{"local_timestamp":1726246735863,"message_id":181,"output":" ","stderr":true},"type":"standard_output"}
{"payload":{"local_timestamp":1726246735863,"message_id":182,"output":" ","stderr":true},"type":"standard_output"}
{"payload":{"local_timestamp":1726246735863,"message_id":183,"output":" ","stderr":true},"type":"standard_output"}
{"payload":{"local_timestamp":1726246735863,"message_id":184,"output":" ","stderr":true},"type":"standard_output"}
{"payload":{"local_timestamp":1726246735863,"message_id":185,"output":" ","stderr":true},"type":"standard_output"}
{"payload":{"local_timestamp":1726246735863,"message_id":186,"output":" ","stderr":true},"type":"standard_output"}
{"payload":{"local_timestamp":1726246735863,"message_id":187,"output":" ","stderr":true},"type":"standard_output"}
{"payload":{"local_timestamp":1726246735863,"message_id":188,"output":"^","stderr":true},"type":"standard_output"}
{"payload":{"local_timestamp":1726246735863,"message_id":189,"output":"^","stderr":true},"type":"standard_output"}
{"payload":{"local_timestamp":1726246735863,"message_id":190,"output":"^","stderr":true},"type":"standard_output"}
{"payload":{"local_timestamp":1726246735863,"message_id":191,"output":"^","stderr":true},"type":"standard_output"}
{"payload":{"local_timestamp":1726246735863,"message_id":192,"output":"^","stderr":true},"type":"standard_output"}
{"payload":{"local_timestamp":1726246735863,"message_id":193,"output":"^","stderr":true},"type":"standard_output"}
{"payload":{"local_timestamp":1726246735863,"message_id":194,"output":"^","stderr":true},"type":"standard_output"}
{"payload":{"local_timestamp":1726246735863,"message_id":195,"output":"^","stderr":true},"type":"standard_output"}
{"payload":{"local_timestamp":1726246735863,"message_id":196,"output":"\n","stderr":true},"type":"standard_output"}
{"payload":{"local_timestamp":1726246735863,"message_id":197,"output":"  File \"/Users/camilleygrubay/Projects/yolov5/utils/loggers/__init__.py\", line 153, in __init__\n","stderr":true},"type":"standard_output"}
{"payload":{"local_timestamp":1726246735864,"message_id":198,"output":"    ","stderr":true},"type":"standard_output"}
{"payload":{"local_timestamp":1726246735864,"message_id":199,"output":"self.comet_logger = CometLogger(self.opt, self.hyp)","stderr":true},"type":"standard_output"}
{"payload":{"local_timestamp":1726246735864,"message_id":200,"output":"\n","stderr":true},"type":"standard_output"}
{"payload":{"local_timestamp":1726246735864,"message_id":201,"output":" ","stderr":true},"type":"standard_output"}
{"payload":{"local_timestamp":1726246735864,"message_id":202,"output":" ","stderr":true},"type":"standard_output"}
{"payload":{"local_timestamp":1726246735864,"message_id":203,"output":" ","stderr":true},"type":"standard_output"}
{"payload":{"local_timestamp":1726246735864,"message_id":204,"output":" ","stderr":true},"type":"standard_output"}
{"payload":{"local_timestamp":1726246735864,"message_id":205,"output":" ","stderr":true},"type":"standard_output"}
{"payload":{"local_timestamp":1726246735864,"message_id":206,"output":" ","stderr":true},"type":"standard_output"}
{"payload":{"local_timestamp":1726246735864,"message_id":207,"output":" ","stderr":true},"type":"standard_output"}
{"payload":{"local_timestamp":1726246735864,"message_id":208,"output":" ","stderr":true},"type":"standard_output"}
{"payload":{"local_timestamp":1726246735864,"message_id":209,"output":" ","stderr":true},"type":"standard_output"}
{"payload":{"local_timestamp":1726246735864,"message_id":210,"output":" ","stderr":true},"type":"standard_output"}
{"payload":{"local_timestamp":1726246735864,"message_id":211,"output":" ","stderr":true},"type":"standard_output"}
{"payload":{"local_timestamp":1726246735864,"message_id":212,"output":" ","stderr":true},"type":"standard_output"}
{"payload":{"local_timestamp":1726246735864,"message_id":213,"output":" ","stderr":true},"type":"standard_output"}
{"payload":{"local_timestamp":1726246735864,"message_id":214,"output":" ","stderr":true},"type":"standard_output"}
{"payload":{"local_timestamp":1726246735864,"message_id":215,"output":" ","stderr":true},"type":"standard_output"}
{"payload":{"local_timestamp":1726246735864,"message_id":216,"output":" ","stderr":true},"type":"standard_output"}
{"payload":{"local_timestamp":1726246735864,"message_id":217,"output":" ","stderr":true},"type":"standard_output"}
{"payload":{"local_timestamp":1726246735864,"message_id":218,"output":" ","stderr":true},"type":"standard_output"}
{"payload":{"local_timestamp":1726246735864,"message_id":219,"output":" ","stderr":true},"type":"standard_output"}
{"payload":{"local_timestamp":1726246735864,"message_id":220,"output":" ","stderr":true},"type":"standard_output"}
{"payload":{"local_timestamp":1726246735864,"message_id":221,"output":" ","stderr":true},"type":"standard_output"}
{"payload":{"local_timestamp":1726246735864,"message_id":222,"output":" ","stderr":true},"type":"standard_output"}
{"payload":{"local_timestamp":1726246735864,"message_id":223,"output":" ","stderr":true},"type":"standard_output"}
{"payload":{"local_timestamp":1726246735864,"message_id":224,"output":" ","stderr":true},"type":"standard_output"}
{"payload":{"local_timestamp":1726246735864,"message_id":225,"output":"^","stderr":true},"type":"standard_output"}
{"payload":{"local_timestamp":1726246735864,"message_id":226,"output":"^","stderr":true},"type":"standard_output"}
{"payload":{"local_timestamp":1726246735864,"message_id":227,"output":"^","stderr":true},"type":"standard_output"}
{"payload":{"local_timestamp":1726246735864,"message_id":228,"output":"^","stderr":true},"type":"standard_output"}
{"payload":{"local_timestamp":1726246735864,"message_id":229,"output":"^","stderr":true},"type":"standard_output"}
{"payload":{"local_timestamp":1726246735864,"message_id":230,"output":"^","stderr":true},"type":"standard_output"}
{"payload":{"local_timestamp":1726246735864,"message_id":231,"output":"^","stderr":true},"type":"standard_output"}
{"payload":{"local_timestamp":1726246735864,"message_id":232,"output":"^","stderr":true},"type":"standard_output"}
{"payload":{"local_timestamp":1726246735864,"message_id":233,"output":"^","stderr":true},"type":"standard_output"}
{"payload":{"local_timestamp":1726246735864,"message_id":234,"output":"^","stderr":true},"type":"standard_output"}
{"payload":{"local_timestamp":1726246735864,"message_id":235,"output":"^","stderr":true},"type":"standard_output"}
{"payload":{"local_timestamp":1726246735864,"message_id":236,"output":"^","stderr":true},"type":"standard_output"}
{"payload":{"local_timestamp":1726246735864,"message_id":237,"output":"^","stderr":true},"type":"standard_output"}
{"payload":{"local_timestamp":1726246735864,"message_id":238,"output":"^","stderr":true},"type":"standard_output"}
{"payload":{"local_timestamp":1726246735864,"message_id":239,"output":"^","stderr":true},"type":"standard_output"}
{"payload":{"local_timestamp":1726246735864,"message_id":240,"output":"^","stderr":true},"type":"standard_output"}
{"payload":{"local_timestamp":1726246735864,"message_id":241,"output":"^","stderr":true},"type":"standard_output"}
{"payload":{"local_timestamp":1726246735864,"message_id":242,"output":"^","stderr":true},"type":"standard_output"}
{"payload":{"local_timestamp":1726246735864,"message_id":243,"output":"^","stderr":true},"type":"standard_output"}
{"payload":{"local_timestamp":1726246735864,"message_id":244,"output":"^","stderr":true},"type":"standard_output"}
{"payload":{"local_timestamp":1726246735864,"message_id":245,"output":"^","stderr":true},"type":"standard_output"}
{"payload":{"local_timestamp":1726246735864,"message_id":246,"output":"^","stderr":true},"type":"standard_output"}
{"payload":{"local_timestamp":1726246735864,"message_id":247,"output":"^","stderr":true},"type":"standard_output"}
{"payload":{"local_timestamp":1726246735864,"message_id":248,"output":"^","stderr":true},"type":"standard_output"}
{"payload":{"local_timestamp":1726246735864,"message_id":249,"output":"^","stderr":true},"type":"standard_output"}
{"payload":{"local_timestamp":1726246735864,"message_id":250,"output":"^","stderr":true},"type":"standard_output"}
{"payload":{"local_timestamp":1726246735864,"message_id":251,"output":"^","stderr":true},"type":"standard_output"}
{"payload":{"local_timestamp":1726246735864,"message_id":252,"output":"^","stderr":true},"type":"standard_output"}
{"payload":{"local_timestamp":1726246735864,"message_id":253,"output":"^","stderr":true},"type":"standard_output"}
{"payload":{"local_timestamp":1726246735864,"message_id":254,"output":"^","stderr":true},"type":"standard_output"}
{"payload":{"local_timestamp":1726246735864,"message_id":255,"output":"^","stderr":true},"type":"standard_output"}
{"payload":{"local_timestamp":1726246735864,"message_id":256,"output":"\n","stderr":true},"type":"standard_output"}
{"payload":{"local_timestamp":1726246735864,"message_id":257,"output":"  File \"/Users/camilleygrubay/Projects/yolov5/utils/loggers/comet/__init__.py\", line 102, in __init__\n","stderr":true},"type":"standard_output"}
{"payload":{"local_timestamp":1726246735865,"message_id":258,"output":"    ","stderr":true},"type":"standard_output"}
{"payload":{"local_timestamp":1726246735865,"message_id":259,"output":"self.data_dict = self.check_dataset(self.opt.data)","stderr":true},"type":"standard_output"}
{"payload":{"local_timestamp":1726246735865,"message_id":260,"output":"\n","stderr":true},"type":"standard_output"}
{"payload":{"local_timestamp":1726246735865,"message_id":261,"output":" ","stderr":true},"type":"standard_output"}
{"payload":{"local_timestamp":1726246735865,"message_id":262,"output":" ","stderr":true},"type":"standard_output"}
{"payload":{"local_timestamp":1726246735865,"message_id":263,"output":" ","stderr":true},"type":"standard_output"}
{"payload":{"local_timestamp":1726246735865,"message_id":264,"output":" ","stderr":true},"type":"standard_output"}
{"payload":{"local_timestamp":1726246735865,"message_id":265,"output":" ","stderr":true},"type":"standard_output"}
{"payload":{"local_timestamp":1726246735865,"message_id":266,"output":" ","stderr":true},"type":"standard_output"}
{"payload":{"local_timestamp":1726246735865,"message_id":267,"output":" ","stderr":true},"type":"standard_output"}
{"payload":{"local_timestamp":1726246735865,"message_id":268,"output":" ","stderr":true},"type":"standard_output"}
{"payload":{"local_timestamp":1726246735865,"message_id":269,"output":" ","stderr":true},"type":"standard_output"}
{"payload":{"local_timestamp":1726246735865,"message_id":270,"output":" ","stderr":true},"type":"standard_output"}
{"payload":{"local_timestamp":1726246735865,"message_id":271,"output":" ","stderr":true},"type":"standard_output"}
{"payload":{"local_timestamp":1726246735865,"message_id":272,"output":" ","stderr":true},"type":"standard_output"}
{"payload":{"local_timestamp":1726246735865,"message_id":273,"output":" ","stderr":true},"type":"standard_output"}
{"payload":{"local_timestamp":1726246735865,"message_id":274,"output":" ","stderr":true},"type":"standard_output"}
{"payload":{"local_timestamp":1726246735865,"message_id":275,"output":" ","stderr":true},"type":"standard_output"}
{"payload":{"local_timestamp":1726246735865,"message_id":276,"output":" ","stderr":true},"type":"standard_output"}
{"payload":{"local_timestamp":1726246735865,"message_id":277,"output":" ","stderr":true},"type":"standard_output"}
{"payload":{"local_timestamp":1726246735865,"message_id":278,"output":" ","stderr":true},"type":"standard_output"}
{"payload":{"local_timestamp":1726246735865,"message_id":279,"output":" ","stderr":true},"type":"standard_output"}
{"payload":{"local_timestamp":1726246735865,"message_id":280,"output":" ","stderr":true},"type":"standard_output"}
{"payload":{"local_timestamp":1726246735865,"message_id":281,"output":" ","stderr":true},"type":"standard_output"}
{"payload":{"local_timestamp":1726246735865,"message_id":282,"output":"^","stderr":true},"type":"standard_output"}
{"payload":{"local_timestamp":1726246735865,"message_id":283,"output":"^","stderr":true},"type":"standard_output"}
{"payload":{"local_timestamp":1726246735865,"message_id":284,"output":"^","stderr":true},"type":"standard_output"}
{"payload":{"local_timestamp":1726246735865,"message_id":285,"output":"^","stderr":true},"type":"standard_output"}
{"payload":{"local_timestamp":1726246735865,"message_id":286,"output":"^","stderr":true},"type":"standard_output"}
{"payload":{"local_timestamp":1726246735865,"message_id":287,"output":"^","stderr":true},"type":"standard_output"}
{"payload":{"local_timestamp":1726246735865,"message_id":288,"output":"^","stderr":true},"type":"standard_output"}
{"payload":{"local_timestamp":1726246735865,"message_id":289,"output":"^","stderr":true},"type":"standard_output"}
{"payload":{"local_timestamp":1726246735865,"message_id":290,"output":"^","stderr":true},"type":"standard_output"}
{"payload":{"local_timestamp":1726246735865,"message_id":291,"output":"^","stderr":true},"type":"standard_output"}
{"payload":{"local_timestamp":1726246735865,"message_id":292,"output":"^","stderr":true},"type":"standard_output"}
{"payload":{"local_timestamp":1726246735865,"message_id":293,"output":"^","stderr":true},"type":"standard_output"}
{"payload":{"local_timestamp":1726246735865,"message_id":294,"output":"^","stderr":true},"type":"standard_output"}
{"payload":{"local_timestamp":1726246735865,"message_id":295,"output":"^","stderr":true},"type":"standard_output"}
{"payload":{"local_timestamp":1726246735865,"message_id":296,"output":"^","stderr":true},"type":"standard_output"}
{"payload":{"local_timestamp":1726246735865,"message_id":297,"output":"^","stderr":true},"type":"standard_output"}
{"payload":{"local_timestamp":1726246735865,"message_id":298,"output":"^","stderr":true},"type":"standard_output"}
{"payload":{"local_timestamp":1726246735865,"message_id":299,"output":"^","stderr":true},"type":"standard_output"}
{"payload":{"local_timestamp":1726246735865,"message_id":300,"output":"^","stderr":true},"type":"standard_output"}
{"payload":{"local_timestamp":1726246735865,"message_id":301,"output":"^","stderr":true},"type":"standard_output"}
{"payload":{"local_timestamp":1726246735865,"message_id":302,"output":"^","stderr":true},"type":"standard_output"}
{"payload":{"local_timestamp":1726246735865,"message_id":303,"output":"^","stderr":true},"type":"standard_output"}
{"payload":{"local_timestamp":1726246735865,"message_id":304,"output":"^","stderr":true},"type":"standard_output"}
{"payload":{"local_timestamp":1726246735865,"message_id":305,"output":"^","stderr":true},"type":"standard_output"}
{"payload":{"local_timestamp":1726246735865,"message_id":306,"output":"^","stderr":true},"type":"standard_output"}
{"payload":{"local_timestamp":1726246735865,"message_id":307,"output":"^","stderr":true},"type":"standard_output"}
{"payload":{"local_timestamp":1726246735865,"message_id":308,"output":"^","stderr":true},"type":"standard_output"}
{"payload":{"local_timestamp":1726246735865,"message_id":309,"output":"^","stderr":true},"type":"standard_output"}
{"payload":{"local_timestamp":1726246735865,"message_id":310,"output":"^","stderr":true},"type":"standard_output"}
{"payload":{"local_timestamp":1726246735865,"message_id":311,"output":"^","stderr":true},"type":"standard_output"}
{"payload":{"local_timestamp":1726246735865,"message_id":312,"output":"^","stderr":true},"type":"standard_output"}
{"payload":{"local_timestamp":1726246735865,"message_id":313,"output":"^","stderr":true},"type":"standard_output"}
{"payload":{"local_timestamp":1726246735865,"message_id":314,"output":"^","stderr":true},"type":"standard_output"}
{"payload":{"local_timestamp":1726246735865,"message_id":315,"output":"\n","stderr":true},"type":"standard_output"}
{"payload":{"local_timestamp":1726246735865,"message_id":316,"output":"  File \"/Users/camilleygrubay/Projects/yolov5/utils/loggers/comet/__init__.py\", line 260, in check_dataset\n","stderr":true},"type":"standard_output"}
{"payload":{"local_timestamp":1726246735865,"message_id":317,"output":"    ","stderr":true},"type":"standard_output"}
{"payload":{"local_timestamp":1726246735865,"message_id":318,"output":"return check_dataset(data_file)","stderr":true},"type":"standard_output"}
{"payload":{"local_timestamp":1726246735865,"message_id":319,"output":"\n","stderr":true},"type":"standard_output"}
{"payload":{"local_timestamp":1726246735866,"message_id":320,"output":" ","stderr":true},"type":"standard_output"}
{"payload":{"local_timestamp":1726246735866,"message_id":321,"output":" ","stderr":true},"type":"standard_output"}
{"payload":{"local_timestamp":1726246735866,"message_id":322,"output":" ","stderr":true},"type":"standard_output"}
{"payload":{"local_timestamp":1726246735866,"message_id":323,"output":" ","stderr":true},"type":"standard_output"}
{"payload":{"local_timestamp":1726246735866,"message_id":324,"output":" ","stderr":true},"type":"standard_output"}
{"payload":{"local_timestamp":1726246735866,"message_id":325,"output":" ","stderr":true},"type":"standard_output"}
{"payload":{"local_timestamp":1726246735866,"message_id":326,"output":" ","stderr":true},"type":"standard_output"}
{"payload":{"local_timestamp":1726246735866,"message_id":327,"output":" ","stderr":true},"type":"standard_output"}
{"payload":{"local_timestamp":1726246735866,"message_id":328,"output":" ","stderr":true},"type":"standard_output"}
{"payload":{"local_timestamp":1726246735866,"message_id":329,"output":" ","stderr":true},"type":"standard_output"}
{"payload":{"local_timestamp":1726246735866,"message_id":330,"output":" ","stderr":true},"type":"standard_output"}
{"payload":{"local_timestamp":1726246735866,"message_id":331,"output":"^","stderr":true},"type":"standard_output"}
{"payload":{"local_timestamp":1726246735866,"message_id":332,"output":"^","stderr":true},"type":"standard_output"}
{"payload":{"local_timestamp":1726246735866,"message_id":333,"output":"^","stderr":true},"type":"standard_output"}
{"payload":{"local_timestamp":1726246735866,"message_id":334,"output":"^","stderr":true},"type":"standard_output"}
{"payload":{"local_timestamp":1726246735866,"message_id":335,"output":"^","stderr":true},"type":"standard_output"}
{"payload":{"local_timestamp":1726246735866,"message_id":336,"output":"^","stderr":true},"type":"standard_output"}
{"payload":{"local_timestamp":1726246735866,"message_id":337,"output":"^","stderr":true},"type":"standard_output"}
{"payload":{"local_timestamp":1726246735866,"message_id":338,"output":"^","stderr":true},"type":"standard_output"}
{"payload":{"local_timestamp":1726246735866,"message_id":339,"output":"^","stderr":true},"type":"standard_output"}
{"payload":{"local_timestamp":1726246735866,"message_id":340,"output":"^","stderr":true},"type":"standard_output"}
{"payload":{"local_timestamp":1726246735866,"message_id":341,"output":"^","stderr":true},"type":"standard_output"}
{"payload":{"local_timestamp":1726246735866,"message_id":342,"output":"^","stderr":true},"type":"standard_output"}
{"payload":{"local_timestamp":1726246735866,"message_id":343,"output":"^","stderr":true},"type":"standard_output"}
{"payload":{"local_timestamp":1726246735866,"message_id":344,"output":"^","stderr":true},"type":"standard_output"}
{"payload":{"local_timestamp":1726246735866,"message_id":345,"output":"^","stderr":true},"type":"standard_output"}
{"payload":{"local_timestamp":1726246735866,"message_id":346,"output":"^","stderr":true},"type":"standard_output"}
{"payload":{"local_timestamp":1726246735866,"message_id":347,"output":"^","stderr":true},"type":"standard_output"}
{"payload":{"local_timestamp":1726246735866,"message_id":348,"output":"^","stderr":true},"type":"standard_output"}
{"payload":{"local_timestamp":1726246735866,"message_id":349,"output":"^","stderr":true},"type":"standard_output"}
{"payload":{"local_timestamp":1726246735866,"message_id":350,"output":"^","stderr":true},"type":"standard_output"}
{"payload":{"local_timestamp":1726246735866,"message_id":351,"output":"^","stderr":true},"type":"standard_output"}
{"payload":{"local_timestamp":1726246735866,"message_id":352,"output":"^","stderr":true},"type":"standard_output"}
{"payload":{"local_timestamp":1726246735866,"message_id":353,"output":"^","stderr":true},"type":"standard_output"}
{"payload":{"local_timestamp":1726246735866,"message_id":354,"output":"^","stderr":true},"type":"standard_output"}
{"payload":{"local_timestamp":1726246735866,"message_id":355,"output":"\n","stderr":true},"type":"standard_output"}
{"payload":{"local_timestamp":1726246735866,"message_id":356,"output":"  File \"/Users/camilleygrubay/Projects/yolov5/utils/general.py\", line 583, in check_dataset\n","stderr":true},"type":"standard_output"}
{"payload":{"local_timestamp":1726246735866,"message_id":357,"output":"    ","stderr":true},"type":"standard_output"}
{"payload":{"local_timestamp":1726246735866,"message_id":358,"output":"check_font(\"Arial.ttf\" if is_ascii(data[\"names\"]) else \"Arial.Unicode.ttf\", progress=True)  # download fonts","stderr":true},"type":"standard_output"}
{"payload":{"local_timestamp":1726246735866,"message_id":359,"output":"\n","stderr":true},"type":"standard_output"}
{"payload":{"local_timestamp":1726246735866,"message_id":360,"output":" ","stderr":true},"type":"standard_output"}
{"payload":{"local_timestamp":1726246735866,"message_id":361,"output":" ","stderr":true},"type":"standard_output"}
{"payload":{"local_timestamp":1726246735866,"message_id":362,"output":" ","stderr":true},"type":"standard_output"}
{"payload":{"local_timestamp":1726246735867,"message_id":363,"output":" ","stderr":true},"type":"standard_output"}
{"payload":{"local_timestamp":1726246735867,"message_id":364,"output":"^","stderr":true},"type":"standard_output"}
{"payload":{"local_timestamp":1726246735867,"message_id":365,"output":"^","stderr":true},"type":"standard_output"}
{"payload":{"local_timestamp":1726246735867,"message_id":366,"output":"^","stderr":true},"type":"standard_output"}
{"payload":{"local_timestamp":1726246735867,"message_id":367,"output":"^","stderr":true},"type":"standard_output"}
{"payload":{"local_timestamp":1726246735867,"message_id":368,"output":"^","stderr":true},"type":"standard_output"}
{"payload":{"local_timestamp":1726246735867,"message_id":369,"output":"^","stderr":true},"type":"standard_output"}
{"payload":{"local_timestamp":1726246735867,"message_id":370,"output":"^","stderr":true},"type":"standard_output"}
{"payload":{"local_timestamp":1726246735867,"message_id":371,"output":"^","stderr":true},"type":"standard_output"}
{"payload":{"local_timestamp":1726246735867,"message_id":372,"output":"^","stderr":true},"type":"standard_output"}
{"payload":{"local_timestamp":1726246735867,"message_id":373,"output":"^","stderr":true},"type":"standard_output"}
{"payload":{"local_timestamp":1726246735867,"message_id":374,"output":"^","stderr":true},"type":"standard_output"}
{"payload":{"local_timestamp":1726246735867,"message_id":375,"output":"^","stderr":true},"type":"standard_output"}
{"payload":{"local_timestamp":1726246735867,"message_id":376,"output":"^","stderr":true},"type":"standard_output"}
{"payload":{"local_timestamp":1726246735867,"message_id":377,"output":"^","stderr":true},"type":"standard_output"}
{"payload":{"local_timestamp":1726246735867,"message_id":378,"output":"^","stderr":true},"type":"standard_output"}
{"payload":{"local_timestamp":1726246735867,"message_id":379,"output":"^","stderr":true},"type":"standard_output"}
{"payload":{"local_timestamp":1726246735867,"message_id":380,"output":"^","stderr":true},"type":"standard_output"}
{"payload":{"local_timestamp":1726246735867,"message_id":381,"output":"^","stderr":true},"type":"standard_output"}
{"payload":{"local_timestamp":1726246735867,"message_id":382,"output":"^","stderr":true},"type":"standard_output"}
{"payload":{"local_timestamp":1726246735867,"message_id":383,"output":"^","stderr":true},"type":"standard_output"}
{"payload":{"local_timestamp":1726246735867,"message_id":384,"output":"^","stderr":true},"type":"standard_output"}
{"payload":{"local_timestamp":1726246735867,"message_id":385,"output":"^","stderr":true},"type":"standard_output"}
{"payload":{"local_timestamp":1726246735867,"message_id":386,"output":"^","stderr":true},"type":"standard_output"}
{"payload":{"local_timestamp":1726246735867,"message_id":387,"output":"^","stderr":true},"type":"standard_output"}
{"payload":{"local_timestamp":1726246735867,"message_id":388,"output":"^","stderr":true},"type":"standard_output"}
{"payload":{"local_timestamp":1726246735867,"message_id":389,"output":"^","stderr":true},"type":"standard_output"}
{"payload":{"local_timestamp":1726246735867,"message_id":390,"output":"^","stderr":true},"type":"standard_output"}
{"payload":{"local_timestamp":1726246735867,"message_id":391,"output":"^","stderr":true},"type":"standard_output"}
{"payload":{"local_timestamp":1726246735867,"message_id":392,"output":"^","stderr":true},"type":"standard_output"}
{"payload":{"local_timestamp":1726246735867,"message_id":393,"output":"^","stderr":true},"type":"standard_output"}
{"payload":{"local_timestamp":1726246735867,"message_id":394,"output":"^","stderr":true},"type":"standard_output"}
{"payload":{"local_timestamp":1726246735867,"message_id":395,"output":"^","stderr":true},"type":"standard_output"}
{"payload":{"local_timestamp":1726246735867,"message_id":396,"output":"^","stderr":true},"type":"standard_output"}
{"payload":{"local_timestamp":1726246735867,"message_id":397,"output":"^","stderr":true},"type":"standard_output"}
{"payload":{"local_timestamp":1726246735867,"message_id":398,"output":"^","stderr":true},"type":"standard_output"}
{"payload":{"local_timestamp":1726246735867,"message_id":399,"output":"^","stderr":true},"type":"standard_output"}
{"payload":{"local_timestamp":1726246735867,"message_id":400,"output":"^","stderr":true},"type":"standard_output"}
{"payload":{"local_timestamp":1726246735867,"message_id":401,"output":"^","stderr":true},"type":"standard_output"}
{"payload":{"local_timestamp":1726246735867,"message_id":402,"output":"^","stderr":true},"type":"standard_output"}
{"payload":{"local_timestamp":1726246735867,"message_id":403,"output":"^","stderr":true},"type":"standard_output"}
{"payload":{"local_timestamp":1726246735867,"message_id":404,"output":"^","stderr":true},"type":"standard_output"}
{"payload":{"local_timestamp":1726246735867,"message_id":405,"output":"^","stderr":true},"type":"standard_output"}
{"payload":{"local_timestamp":1726246735867,"message_id":406,"output":"^","stderr":true},"type":"standard_output"}
{"payload":{"local_timestamp":1726246735867,"message_id":407,"output":"^","stderr":true},"type":"standard_output"}
{"payload":{"local_timestamp":1726246735867,"message_id":408,"output":"^","stderr":true},"type":"standard_output"}
{"payload":{"local_timestamp":1726246735867,"message_id":409,"output":"^","stderr":true},"type":"standard_output"}
{"payload":{"local_timestamp":1726246735867,"message_id":410,"output":"^","stderr":true},"type":"standard_output"}
{"payload":{"local_timestamp":1726246735867,"message_id":411,"output":"^","stderr":true},"type":"standard_output"}
{"payload":{"local_timestamp":1726246735867,"message_id":412,"output":"^","stderr":true},"type":"standard_output"}
{"payload":{"local_timestamp":1726246735867,"message_id":413,"output":"^","stderr":true},"type":"standard_output"}
{"payload":{"local_timestamp":1726246735867,"message_id":414,"output":"^","stderr":true},"type":"standard_output"}
{"payload":{"local_timestamp":1726246735867,"message_id":415,"output":"^","stderr":true},"type":"standard_output"}
{"payload":{"local_timestamp":1726246735867,"message_id":416,"output":"^","stderr":true},"type":"standard_output"}
{"payload":{"local_timestamp":1726246735867,"message_id":417,"output":"^","stderr":true},"type":"standard_output"}
{"payload":{"local_timestamp":1726246735867,"message_id":418,"output":"^","stderr":true},"type":"standard_output"}
{"payload":{"local_timestamp":1726246735867,"message_id":419,"output":"^","stderr":true},"type":"standard_output"}
{"payload":{"local_timestamp":1726246735867,"message_id":420,"output":"^","stderr":true},"type":"standard_output"}
{"payload":{"local_timestamp":1726246735867,"message_id":421,"output":"^","stderr":true},"type":"standard_output"}
{"payload":{"local_timestamp":1726246735867,"message_id":422,"output":"^","stderr":true},"type":"standard_output"}
{"payload":{"local_timestamp":1726246735867,"message_id":423,"output":"^","stderr":true},"type":"standard_output"}
{"payload":{"local_timestamp":1726246735867,"message_id":424,"output":"^","stderr":true},"type":"standard_output"}
{"payload":{"local_timestamp":1726246735867,"message_id":425,"output":"^","stderr":true},"type":"standard_output"}
{"payload":{"local_timestamp":1726246735867,"message_id":426,"output":"^","stderr":true},"type":"standard_output"}
{"payload":{"local_timestamp":1726246735867,"message_id":427,"output":"^","stderr":true},"type":"standard_output"}
{"payload":{"local_timestamp":1726246735867,"message_id":428,"output":"^","stderr":true},"type":"standard_output"}
{"payload":{"local_timestamp":1726246735867,"message_id":429,"output":"^","stderr":true},"type":"standard_output"}
{"payload":{"local_timestamp":1726246735867,"message_id":430,"output":"^","stderr":true},"type":"standard_output"}
{"payload":{"local_timestamp":1726246735867,"message_id":431,"output":"^","stderr":true},"type":"standard_output"}
{"payload":{"local_timestamp":1726246735867,"message_id":432,"output":"^","stderr":true},"type":"standard_output"}
{"payload":{"local_timestamp":1726246735867,"message_id":433,"output":"^","stderr":true},"type":"standard_output"}
{"payload":{"local_timestamp":1726246735867,"message_id":434,"output":"^","stderr":true},"type":"standard_output"}
{"payload":{"local_timestamp":1726246735867,"message_id":435,"output":"^","stderr":true},"type":"standard_output"}
{"payload":{"local_timestamp":1726246735867,"message_id":436,"output":"^","stderr":true},"type":"standard_output"}
{"payload":{"local_timestamp":1726246735867,"message_id":437,"output":"^","stderr":true},"type":"standard_output"}
{"payload":{"local_timestamp":1726246735867,"message_id":438,"output":"^","stderr":true},"type":"standard_output"}
{"payload":{"local_timestamp":1726246735867,"message_id":439,"output":"^","stderr":true},"type":"standard_output"}
{"payload":{"local_timestamp":1726246735867,"message_id":440,"output":"^","stderr":true},"type":"standard_output"}
{"payload":{"local_timestamp":1726246735867,"message_id":441,"output":"^","stderr":true},"type":"standard_output"}
{"payload":{"local_timestamp":1726246735867,"message_id":442,"output":"^","stderr":true},"type":"standard_output"}
{"payload":{"local_timestamp":1726246735867,"message_id":443,"output":"^","stderr":true},"type":"standard_output"}
{"payload":{"local_timestamp":1726246735867,"message_id":444,"output":"^","stderr":true},"type":"standard_output"}
{"payload":{"local_timestamp":1726246735867,"message_id":445,"output":"^","stderr":true},"type":"standard_output"}
{"payload":{"local_timestamp":1726246735867,"message_id":446,"output":"^","stderr":true},"type":"standard_output"}
{"payload":{"local_timestamp":1726246735867,"message_id":447,"output":"^","stderr":true},"type":"standard_output"}
{"payload":{"local_timestamp":1726246735867,"message_id":448,"output":"^","stderr":true},"type":"standard_output"}
{"payload":{"local_timestamp":1726246735867,"message_id":449,"output":"^","stderr":true},"type":"standard_output"}
{"payload":{"local_timestamp":1726246735867,"message_id":450,"output":"^","stderr":true},"type":"standard_output"}
{"payload":{"local_timestamp":1726246735867,"message_id":451,"output":"^","stderr":true},"type":"standard_output"}
{"payload":{"local_timestamp":1726246735867,"message_id":452,"output":"^","stderr":true},"type":"standard_output"}
{"payload":{"local_timestamp":1726246735867,"message_id":453,"output":"^","stderr":true},"type":"standard_output"}
{"payload":{"local_timestamp":1726246735867,"message_id":454,"output":"\n","stderr":true},"type":"standard_output"}
{"payload":{"local_timestamp":1726246735867,"message_id":455,"output":"  File \"/Users/camilleygrubay/Projects/yolov5/utils/general.py\", line 519, in check_font\n","stderr":true},"type":"standard_output"}
{"payload":{"local_timestamp":1726246735868,"message_id":456,"output":"    ","stderr":true},"type":"standard_output"}
{"payload":{"local_timestamp":1726246735868,"message_id":457,"output":"torch.hub.download_url_to_file(url, str(file), progress=progress)","stderr":true},"type":"standard_output"}
{"payload":{"local_timestamp":1726246735868,"message_id":458,"output":"\n","stderr":true},"type":"standard_output"}
{"payload":{"local_timestamp":1726246735868,"message_id":459,"output":"  File \"/Library/Frameworks/Python.framework/Versions/3.12/lib/python3.12/site-packages/torch/hub.py\", line 622, in download_url_to_file\n","stderr":true},"type":"standard_output"}
{"payload":{"local_timestamp":1726246735868,"message_id":460,"output":"    ","stderr":true},"type":"standard_output"}
{"payload":{"local_timestamp":1726246735868,"message_id":461,"output":"u = urlopen(req)","stderr":true},"type":"standard_output"}
{"payload":{"local_timestamp":1726246735869,"message_id":462,"output":"\n","stderr":true},"type":"standard_output"}
{"payload":{"local_timestamp":1726246735869,"message_id":463,"output":" ","stderr":true},"type":"standard_output"}
{"payload":{"local_timestamp":1726246735869,"message_id":464,"output":" ","stderr":true},"type":"standard_output"}
{"payload":{"local_timestamp":1726246735869,"message_id":465,"output":" ","stderr":true},"type":"standard_output"}
{"payload":{"local_timestamp":1726246735869,"message_id":466,"output":" ","stderr":true},"type":"standard_output"}
{"payload":{"local_timestamp":1726246735869,"message_id":467,"output":" ","stderr":true},"type":"standard_output"}
{"payload":{"local_timestamp":1726246735869,"message_id":468,"output":" ","stderr":true},"type":"standard_output"}
{"payload":{"local_timestamp":1726246735869,"message_id":469,"output":" ","stderr":true},"type":"standard_output"}
{"payload":{"local_timestamp":1726246735869,"message_id":470,"output":" ","stderr":true},"type":"standard_output"}
{"payload":{"local_timestamp":1726246735869,"message_id":471,"output":"^","stderr":true},"type":"standard_output"}
{"payload":{"local_timestamp":1726246735869,"message_id":472,"output":"^","stderr":true},"type":"standard_output"}
{"payload":{"local_timestamp":1726246735869,"message_id":473,"output":"^","stderr":true},"type":"standard_output"}
{"payload":{"local_timestamp":1726246735869,"message_id":474,"output":"^","stderr":true},"type":"standard_output"}
{"payload":{"local_timestamp":1726246735869,"message_id":475,"output":"^","stderr":true},"type":"standard_output"}
{"payload":{"local_timestamp":1726246735869,"message_id":476,"output":"^","stderr":true},"type":"standard_output"}
{"payload":{"local_timestamp":1726246735869,"message_id":477,"output":"^","stderr":true},"type":"standard_output"}
{"payload":{"local_timestamp":1726246735869,"message_id":478,"output":"^","stderr":true},"type":"standard_output"}
{"payload":{"local_timestamp":1726246735869,"message_id":479,"output":"^","stderr":true},"type":"standard_output"}
{"payload":{"local_timestamp":1726246735869,"message_id":480,"output":"^","stderr":true},"type":"standard_output"}
{"payload":{"local_timestamp":1726246735869,"message_id":481,"output":"^","stderr":true},"type":"standard_output"}
{"payload":{"local_timestamp":1726246735869,"message_id":482,"output":"^","stderr":true},"type":"standard_output"}
{"payload":{"local_timestamp":1726246735869,"message_id":483,"output":"\n","stderr":true},"type":"standard_output"}
{"payload":{"local_timestamp":1726246735869,"message_id":484,"output":"  File \"/Library/Frameworks/Python.framework/Versions/3.12/lib/python3.12/urllib/request.py\", line 215, in urlopen\n","stderr":true},"type":"standard_output"}
{"payload":{"local_timestamp":1726246735869,"message_id":485,"output":"    ","stderr":true},"type":"standard_output"}
{"payload":{"local_timestamp":1726246735869,"message_id":486,"output":"return opener.open(url, data, timeout)","stderr":true},"type":"standard_output"}
{"payload":{"local_timestamp":1726246735869,"message_id":487,"output":"\n","stderr":true},"type":"standard_output"}
{"payload":{"local_timestamp":1726246735869,"message_id":488,"output":" ","stderr":true},"type":"standard_output"}
{"payload":{"local_timestamp":1726246735869,"message_id":489,"output":" ","stderr":true},"type":"standard_output"}
{"payload":{"local_timestamp":1726246735869,"message_id":490,"output":" ","stderr":true},"type":"standard_output"}
{"payload":{"local_timestamp":1726246735869,"message_id":491,"output":" ","stderr":true},"type":"standard_output"}
{"payload":{"local_timestamp":1726246735869,"message_id":492,"output":" ","stderr":true},"type":"standard_output"}
{"payload":{"local_timestamp":1726246735869,"message_id":493,"output":" ","stderr":true},"type":"standard_output"}
{"payload":{"local_timestamp":1726246735869,"message_id":494,"output":" ","stderr":true},"type":"standard_output"}
{"payload":{"local_timestamp":1726246735869,"message_id":495,"output":" ","stderr":true},"type":"standard_output"}
{"payload":{"local_timestamp":1726246735869,"message_id":496,"output":" ","stderr":true},"type":"standard_output"}
{"payload":{"local_timestamp":1726246735869,"message_id":497,"output":" ","stderr":true},"type":"standard_output"}
{"payload":{"local_timestamp":1726246735869,"message_id":498,"output":" ","stderr":true},"type":"standard_output"}
{"payload":{"local_timestamp":1726246735869,"message_id":499,"output":"^","stderr":true},"type":"standard_output"}
{"payload":{"local_timestamp":1726246735869,"message_id":500,"output":"^","stderr":true},"type":"standard_output"}
{"payload":{"local_timestamp":1726246735869,"message_id":501,"output":"^","stderr":true},"type":"standard_output"}
{"payload":{"local_timestamp":1726246735869,"message_id":502,"output":"^","stderr":true},"type":"standard_output"}
{"payload":{"local_timestamp":1726246735869,"message_id":503,"output":"^","stderr":true},"type":"standard_output"}
{"payload":{"local_timestamp":1726246735869,"message_id":504,"output":"^","stderr":true},"type":"standard_output"}
{"payload":{"local_timestamp":1726246735869,"message_id":505,"output":"^","stderr":true},"type":"standard_output"}
{"payload":{"local_timestamp":1726246735869,"message_id":506,"output":"^","stderr":true},"type":"standard_output"}
{"payload":{"local_timestamp":1726246735869,"message_id":507,"output":"^","stderr":true},"type":"standard_output"}
{"payload":{"local_timestamp":1726246735869,"message_id":508,"output":"^","stderr":true},"type":"standard_output"}
{"payload":{"local_timestamp":1726246735869,"message_id":509,"output":"^","stderr":true},"type":"standard_output"}
{"payload":{"local_timestamp":1726246735869,"message_id":510,"output":"^","stderr":true},"type":"standard_output"}
{"payload":{"local_timestamp":1726246735869,"message_id":511,"output":"^","stderr":true},"type":"standard_output"}
{"payload":{"local_timestamp":1726246735869,"message_id":512,"output":"^","stderr":true},"type":"standard_output"}
{"payload":{"local_timestamp":1726246735869,"message_id":513,"output":"^","stderr":true},"type":"standard_output"}
{"payload":{"local_timestamp":1726246735869,"message_id":514,"output":"^","stderr":true},"type":"standard_output"}
{"payload":{"local_timestamp":1726246735869,"message_id":515,"output":"^","stderr":true},"type":"standard_output"}
{"payload":{"local_timestamp":1726246735869,"message_id":516,"output":"^","stderr":true},"type":"standard_output"}
{"payload":{"local_timestamp":1726246735869,"message_id":517,"output":"^","stderr":true},"type":"standard_output"}
{"payload":{"local_timestamp":1726246735869,"message_id":518,"output":"^","stderr":true},"type":"standard_output"}
{"payload":{"local_timestamp":1726246735869,"message_id":519,"output":"^","stderr":true},"type":"standard_output"}
{"payload":{"local_timestamp":1726246735869,"message_id":520,"output":"^","stderr":true},"type":"standard_output"}
{"payload":{"local_timestamp":1726246735869,"message_id":521,"output":"^","stderr":true},"type":"standard_output"}
{"payload":{"local_timestamp":1726246735869,"message_id":522,"output":"^","stderr":true},"type":"standard_output"}
{"payload":{"local_timestamp":1726246735869,"message_id":523,"output":"^","stderr":true},"type":"standard_output"}
{"payload":{"local_timestamp":1726246735869,"message_id":524,"output":"^","stderr":true},"type":"standard_output"}
{"payload":{"local_timestamp":1726246735869,"message_id":525,"output":"^","stderr":true},"type":"standard_output"}
{"payload":{"local_timestamp":1726246735869,"message_id":526,"output":"^","stderr":true},"type":"standard_output"}
{"payload":{"local_timestamp":1726246735869,"message_id":527,"output":"^","stderr":true},"type":"standard_output"}
{"payload":{"local_timestamp":1726246735869,"message_id":528,"output":"^","stderr":true},"type":"standard_output"}
{"payload":{"local_timestamp":1726246735869,"message_id":529,"output":"^","stderr":true},"type":"standard_output"}
{"payload":{"local_timestamp":1726246735869,"message_id":530,"output":"\n","stderr":true},"type":"standard_output"}
{"payload":{"local_timestamp":1726246735869,"message_id":531,"output":"  File \"/Library/Frameworks/Python.framework/Versions/3.12/lib/python3.12/urllib/request.py\", line 515, in open\n","stderr":true},"type":"standard_output"}
{"payload":{"local_timestamp":1726246735870,"message_id":532,"output":"    ","stderr":true},"type":"standard_output"}
{"payload":{"local_timestamp":1726246735870,"message_id":533,"output":"response = self._open(req, data)","stderr":true},"type":"standard_output"}
{"payload":{"local_timestamp":1726246735870,"message_id":534,"output":"\n","stderr":true},"type":"standard_output"}
{"payload":{"local_timestamp":1726246735870,"message_id":535,"output":" ","stderr":true},"type":"standard_output"}
{"payload":{"local_timestamp":1726246735870,"message_id":536,"output":" ","stderr":true},"type":"standard_output"}
{"payload":{"local_timestamp":1726246735870,"message_id":537,"output":" ","stderr":true},"type":"standard_output"}
{"payload":{"local_timestamp":1726246735870,"message_id":538,"output":" ","stderr":true},"type":"standard_output"}
{"payload":{"local_timestamp":1726246735870,"message_id":539,"output":" ","stderr":true},"type":"standard_output"}
{"payload":{"local_timestamp":1726246735870,"message_id":540,"output":" ","stderr":true},"type":"standard_output"}
{"payload":{"local_timestamp":1726246735870,"message_id":541,"output":" ","stderr":true},"type":"standard_output"}
{"payload":{"local_timestamp":1726246735870,"message_id":542,"output":" ","stderr":true},"type":"standard_output"}
{"payload":{"local_timestamp":1726246735870,"message_id":543,"output":" ","stderr":true},"type":"standard_output"}
{"payload":{"local_timestamp":1726246735870,"message_id":544,"output":" ","stderr":true},"type":"standard_output"}
{"payload":{"local_timestamp":1726246735870,"message_id":545,"output":" ","stderr":true},"type":"standard_output"}
{"payload":{"local_timestamp":1726246735870,"message_id":546,"output":" ","stderr":true},"type":"standard_output"}
{"payload":{"local_timestamp":1726246735870,"message_id":547,"output":" ","stderr":true},"type":"standard_output"}
{"payload":{"local_timestamp":1726246735870,"message_id":548,"output":" ","stderr":true},"type":"standard_output"}
{"payload":{"local_timestamp":1726246735870,"message_id":549,"output":" ","stderr":true},"type":"standard_output"}
{"payload":{"local_timestamp":1726246735870,"message_id":550,"output":"^","stderr":true},"type":"standard_output"}
{"payload":{"local_timestamp":1726246735870,"message_id":551,"output":"^","stderr":true},"type":"standard_output"}
{"payload":{"local_timestamp":1726246735870,"message_id":552,"output":"^","stderr":true},"type":"standard_output"}
{"payload":{"local_timestamp":1726246735870,"message_id":553,"output":"^","stderr":true},"type":"standard_output"}
{"payload":{"local_timestamp":1726246735870,"message_id":554,"output":"^","stderr":true},"type":"standard_output"}
{"payload":{"local_timestamp":1726246735870,"message_id":555,"output":"^","stderr":true},"type":"standard_output"}
{"payload":{"local_timestamp":1726246735870,"message_id":556,"output":"^","stderr":true},"type":"standard_output"}
{"payload":{"local_timestamp":1726246735870,"message_id":557,"output":"^","stderr":true},"type":"standard_output"}
{"payload":{"local_timestamp":1726246735870,"message_id":558,"output":"^","stderr":true},"type":"standard_output"}
{"payload":{"local_timestamp":1726246735870,"message_id":559,"output":"^","stderr":true},"type":"standard_output"}
{"payload":{"local_timestamp":1726246735870,"message_id":560,"output":"^","stderr":true},"type":"standard_output"}
{"payload":{"local_timestamp":1726246735870,"message_id":561,"output":"^","stderr":true},"type":"standard_output"}
{"payload":{"local_timestamp":1726246735870,"message_id":562,"output":"^","stderr":true},"type":"standard_output"}
{"payload":{"local_timestamp":1726246735870,"message_id":563,"output":"^","stderr":true},"type":"standard_output"}
{"payload":{"local_timestamp":1726246735870,"message_id":564,"output":"^","stderr":true},"type":"standard_output"}
{"payload":{"local_timestamp":1726246735870,"message_id":565,"output":"^","stderr":true},"type":"standard_output"}
{"payload":{"local_timestamp":1726246735870,"message_id":566,"output":"^","stderr":true},"type":"standard_output"}
{"payload":{"local_timestamp":1726246735870,"message_id":567,"output":"^","stderr":true},"type":"standard_output"}
{"payload":{"local_timestamp":1726246735870,"message_id":568,"output":"^","stderr":true},"type":"standard_output"}
{"payload":{"local_timestamp":1726246735870,"message_id":569,"output":"^","stderr":true},"type":"standard_output"}
{"payload":{"local_timestamp":1726246735870,"message_id":570,"output":"^","stderr":true},"type":"standard_output"}
{"payload":{"local_timestamp":1726246735870,"message_id":571,"output":"\n","stderr":true},"type":"standard_output"}
{"payload":{"local_timestamp":1726246735870,"message_id":572,"output":"  File \"/Library/Frameworks/Python.framework/Versions/3.12/lib/python3.12/urllib/request.py\", line 532, in _open\n","stderr":true},"type":"standard_output"}
{"payload":{"local_timestamp":1726246735870,"message_id":573,"output":"    ","stderr":true},"type":"standard_output"}
{"payload":{"local_timestamp":1726246735870,"message_id":574,"output":"result = self._call_chain(self.handle_open, protocol, protocol +","stderr":true},"type":"standard_output"}
{"payload":{"local_timestamp":1726246735870,"message_id":575,"output":"\n","stderr":true},"type":"standard_output"}
{"payload":{"local_timestamp":1726246735870,"message_id":576,"output":" ","stderr":true},"type":"standard_output"}
{"payload":{"local_timestamp":1726246735870,"message_id":577,"output":" ","stderr":true},"type":"standard_output"}
{"payload":{"local_timestamp":1726246735870,"message_id":578,"output":" ","stderr":true},"type":"standard_output"}
{"payload":{"local_timestamp":1726246735871,"message_id":579,"output":" ","stderr":true},"type":"standard_output"}
{"payload":{"local_timestamp":1726246735871,"message_id":580,"output":" ","stderr":true},"type":"standard_output"}
{"payload":{"local_timestamp":1726246735871,"message_id":581,"output":" ","stderr":true},"type":"standard_output"}
{"payload":{"local_timestamp":1726246735871,"message_id":582,"output":" ","stderr":true},"type":"standard_output"}
{"payload":{"local_timestamp":1726246735871,"message_id":583,"output":" ","stderr":true},"type":"standard_output"}
{"payload":{"local_timestamp":1726246735871,"message_id":584,"output":" ","stderr":true},"type":"standard_output"}
{"payload":{"local_timestamp":1726246735871,"message_id":585,"output":" ","stderr":true},"type":"standard_output"}
{"payload":{"local_timestamp":1726246735871,"message_id":586,"output":" ","stderr":true},"type":"standard_output"}
{"payload":{"local_timestamp":1726246735871,"message_id":587,"output":" ","stderr":true},"type":"standard_output"}
{"payload":{"local_timestamp":1726246735871,"message_id":588,"output":" ","stderr":true},"type":"standard_output"}
{"payload":{"local_timestamp":1726246735871,"message_id":589,"output":"^","stderr":true},"type":"standard_output"}
{"payload":{"local_timestamp":1726246735871,"message_id":590,"output":"^","stderr":true},"type":"standard_output"}
{"payload":{"local_timestamp":1726246735871,"message_id":591,"output":"^","stderr":true},"type":"standard_output"}
{"payload":{"local_timestamp":1726246735871,"message_id":592,"output":"^","stderr":true},"type":"standard_output"}
{"payload":{"local_timestamp":1726246735871,"message_id":593,"output":"^","stderr":true},"type":"standard_output"}
{"payload":{"local_timestamp":1726246735871,"message_id":594,"output":"^","stderr":true},"type":"standard_output"}
{"payload":{"local_timestamp":1726246735871,"message_id":595,"output":"^","stderr":true},"type":"standard_output"}
{"payload":{"local_timestamp":1726246735871,"message_id":596,"output":"^","stderr":true},"type":"standard_output"}
{"payload":{"local_timestamp":1726246735871,"message_id":597,"output":"^","stderr":true},"type":"standard_output"}
{"payload":{"local_timestamp":1726246735871,"message_id":598,"output":"^","stderr":true},"type":"standard_output"}
{"payload":{"local_timestamp":1726246735871,"message_id":599,"output":"^","stderr":true},"type":"standard_output"}
{"payload":{"local_timestamp":1726246735871,"message_id":600,"output":"^","stderr":true},"type":"standard_output"}
{"payload":{"local_timestamp":1726246735871,"message_id":601,"output":"^","stderr":true},"type":"standard_output"}
{"payload":{"local_timestamp":1726246735871,"message_id":602,"output":"^","stderr":true},"type":"standard_output"}
{"payload":{"local_timestamp":1726246735871,"message_id":603,"output":"^","stderr":true},"type":"standard_output"}
{"payload":{"local_timestamp":1726246735871,"message_id":604,"output":"^","stderr":true},"type":"standard_output"}
{"payload":{"local_timestamp":1726246735871,"message_id":605,"output":"^","stderr":true},"type":"standard_output"}
{"payload":{"local_timestamp":1726246735871,"message_id":606,"output":"^","stderr":true},"type":"standard_output"}
{"payload":{"local_timestamp":1726246735871,"message_id":607,"output":"^","stderr":true},"type":"standard_output"}
{"payload":{"local_timestamp":1726246735871,"message_id":608,"output":"^","stderr":true},"type":"standard_output"}
{"payload":{"local_timestamp":1726246735871,"message_id":609,"output":"^","stderr":true},"type":"standard_output"}
{"payload":{"local_timestamp":1726246735871,"message_id":610,"output":"^","stderr":true},"type":"standard_output"}
{"payload":{"local_timestamp":1726246735871,"message_id":611,"output":"^","stderr":true},"type":"standard_output"}
{"payload":{"local_timestamp":1726246735871,"message_id":612,"output":"^","stderr":true},"type":"standard_output"}
{"payload":{"local_timestamp":1726246735871,"message_id":613,"output":"^","stderr":true},"type":"standard_output"}
{"payload":{"local_timestamp":1726246735871,"message_id":614,"output":"^","stderr":true},"type":"standard_output"}
{"payload":{"local_timestamp":1726246735871,"message_id":615,"output":"^","stderr":true},"type":"standard_output"}
{"payload":{"local_timestamp":1726246735871,"message_id":616,"output":"^","stderr":true},"type":"standard_output"}
{"payload":{"local_timestamp":1726246735871,"message_id":617,"output":"^","stderr":true},"type":"standard_output"}
{"payload":{"local_timestamp":1726246735871,"message_id":618,"output":"^","stderr":true},"type":"standard_output"}
{"payload":{"local_timestamp":1726246735871,"message_id":619,"output":"^","stderr":true},"type":"standard_output"}
{"payload":{"local_timestamp":1726246735871,"message_id":620,"output":"^","stderr":true},"type":"standard_output"}
{"payload":{"local_timestamp":1726246735871,"message_id":621,"output":"^","stderr":true},"type":"standard_output"}
{"payload":{"local_timestamp":1726246735871,"message_id":622,"output":"^","stderr":true},"type":"standard_output"}
{"payload":{"local_timestamp":1726246735871,"message_id":623,"output":"^","stderr":true},"type":"standard_output"}
{"payload":{"local_timestamp":1726246735871,"message_id":624,"output":"^","stderr":true},"type":"standard_output"}
{"payload":{"local_timestamp":1726246735871,"message_id":625,"output":"^","stderr":true},"type":"standard_output"}
{"payload":{"local_timestamp":1726246735871,"message_id":626,"output":"^","stderr":true},"type":"standard_output"}
{"payload":{"local_timestamp":1726246735871,"message_id":627,"output":"^","stderr":true},"type":"standard_output"}
{"payload":{"local_timestamp":1726246735871,"message_id":628,"output":"^","stderr":true},"type":"standard_output"}
{"payload":{"local_timestamp":1726246735871,"message_id":629,"output":"^","stderr":true},"type":"standard_output"}
{"payload":{"local_timestamp":1726246735871,"message_id":630,"output":"^","stderr":true},"type":"standard_output"}
{"payload":{"local_timestamp":1726246735871,"message_id":631,"output":"^","stderr":true},"type":"standard_output"}
{"payload":{"local_timestamp":1726246735871,"message_id":632,"output":"^","stderr":true},"type":"standard_output"}
{"payload":{"local_timestamp":1726246735871,"message_id":633,"output":"^","stderr":true},"type":"standard_output"}
{"payload":{"local_timestamp":1726246735871,"message_id":634,"output":"^","stderr":true},"type":"standard_output"}
{"payload":{"local_timestamp":1726246735871,"message_id":635,"output":"^","stderr":true},"type":"standard_output"}
{"payload":{"local_timestamp":1726246735871,"message_id":636,"output":"^","stderr":true},"type":"standard_output"}
{"payload":{"local_timestamp":1726246735871,"message_id":637,"output":"^","stderr":true},"type":"standard_output"}
{"payload":{"local_timestamp":1726246735871,"message_id":638,"output":"^","stderr":true},"type":"standard_output"}
{"payload":{"local_timestamp":1726246735871,"message_id":639,"output":"^","stderr":true},"type":"standard_output"}
{"payload":{"local_timestamp":1726246735871,"message_id":640,"output":"^","stderr":true},"type":"standard_output"}
{"payload":{"local_timestamp":1726246735871,"message_id":641,"output":"^","stderr":true},"type":"standard_output"}
{"payload":{"local_timestamp":1726246735871,"message_id":642,"output":"^","stderr":true},"type":"standard_output"}
{"payload":{"local_timestamp":1726246735871,"message_id":643,"output":"^","stderr":true},"type":"standard_output"}
{"payload":{"local_timestamp":1726246735871,"message_id":644,"output":"\n","stderr":true},"type":"standard_output"}
{"payload":{"local_timestamp":1726246735871,"message_id":645,"output":"  File \"/Library/Frameworks/Python.framework/Versions/3.12/lib/python3.12/urllib/request.py\", line 492, in _call_chain\n","stderr":true},"type":"standard_output"}
{"payload":{"local_timestamp":1726246735871,"message_id":646,"output":"    ","stderr":true},"type":"standard_output"}
{"payload":{"local_timestamp":1726246735871,"message_id":647,"output":"result = func(*args)","stderr":true},"type":"standard_output"}
{"payload":{"local_timestamp":1726246735871,"message_id":648,"output":"\n","stderr":true},"type":"standard_output"}
{"payload":{"local_timestamp":1726246735871,"message_id":649,"output":" ","stderr":true},"type":"standard_output"}
{"payload":{"local_timestamp":1726246735871,"message_id":650,"output":" ","stderr":true},"type":"standard_output"}
{"payload":{"local_timestamp":1726246735871,"message_id":651,"output":" ","stderr":true},"type":"standard_output"}
{"payload":{"local_timestamp":1726246735871,"message_id":652,"output":" ","stderr":true},"type":"standard_output"}
{"payload":{"local_timestamp":1726246735871,"message_id":653,"output":" ","stderr":true},"type":"standard_output"}
{"payload":{"local_timestamp":1726246735871,"message_id":654,"output":" ","stderr":true},"type":"standard_output"}
{"payload":{"local_timestamp":1726246735871,"message_id":655,"output":" ","stderr":true},"type":"standard_output"}
{"payload":{"local_timestamp":1726246735871,"message_id":656,"output":" ","stderr":true},"type":"standard_output"}
{"payload":{"local_timestamp":1726246735871,"message_id":657,"output":" ","stderr":true},"type":"standard_output"}
{"payload":{"local_timestamp":1726246735871,"message_id":658,"output":" ","stderr":true},"type":"standard_output"}
{"payload":{"local_timestamp":1726246735871,"message_id":659,"output":" ","stderr":true},"type":"standard_output"}
{"payload":{"local_timestamp":1726246735871,"message_id":660,"output":" ","stderr":true},"type":"standard_output"}
{"payload":{"local_timestamp":1726246735871,"message_id":661,"output":" ","stderr":true},"type":"standard_output"}
{"payload":{"local_timestamp":1726246735871,"message_id":662,"output":"^","stderr":true},"type":"standard_output"}
{"payload":{"local_timestamp":1726246735871,"message_id":663,"output":"^","stderr":true},"type":"standard_output"}
{"payload":{"local_timestamp":1726246735871,"message_id":664,"output":"^","stderr":true},"type":"standard_output"}
{"payload":{"local_timestamp":1726246735871,"message_id":665,"output":"^","stderr":true},"type":"standard_output"}
{"payload":{"local_timestamp":1726246735871,"message_id":666,"output":"^","stderr":true},"type":"standard_output"}
{"payload":{"local_timestamp":1726246735871,"message_id":667,"output":"^","stderr":true},"type":"standard_output"}
{"payload":{"local_timestamp":1726246735871,"message_id":668,"output":"^","stderr":true},"type":"standard_output"}
{"payload":{"local_timestamp":1726246735871,"message_id":669,"output":"^","stderr":true},"type":"standard_output"}
{"payload":{"local_timestamp":1726246735871,"message_id":670,"output":"^","stderr":true},"type":"standard_output"}
{"payload":{"local_timestamp":1726246735871,"message_id":671,"output":"^","stderr":true},"type":"standard_output"}
{"payload":{"local_timestamp":1726246735871,"message_id":672,"output":"^","stderr":true},"type":"standard_output"}
{"payload":{"local_timestamp":1726246735871,"message_id":673,"output":"\n","stderr":true},"type":"standard_output"}
{"payload":{"local_timestamp":1726246735871,"message_id":674,"output":"  File \"/Library/Frameworks/Python.framework/Versions/3.12/lib/python3.12/urllib/request.py\", line 1392, in https_open\n","stderr":true},"type":"standard_output"}
{"payload":{"local_timestamp":1726246735872,"message_id":675,"output":"    ","stderr":true},"type":"standard_output"}
{"payload":{"local_timestamp":1726246735872,"message_id":676,"output":"return self.do_open(http.client.HTTPSConnection, req,","stderr":true},"type":"standard_output"}
{"payload":{"local_timestamp":1726246735872,"message_id":677,"output":"\n","stderr":true},"type":"standard_output"}
{"payload":{"local_timestamp":1726246735872,"message_id":678,"output":" ","stderr":true},"type":"standard_output"}
{"payload":{"local_timestamp":1726246735872,"message_id":679,"output":" ","stderr":true},"type":"standard_output"}
{"payload":{"local_timestamp":1726246735872,"message_id":680,"output":" ","stderr":true},"type":"standard_output"}
{"payload":{"local_timestamp":1726246735872,"message_id":681,"output":" ","stderr":true},"type":"standard_output"}
{"payload":{"local_timestamp":1726246735872,"message_id":682,"output":" ","stderr":true},"type":"standard_output"}
{"payload":{"local_timestamp":1726246735872,"message_id":683,"output":" ","stderr":true},"type":"standard_output"}
{"payload":{"local_timestamp":1726246735872,"message_id":684,"output":" ","stderr":true},"type":"standard_output"}
{"payload":{"local_timestamp":1726246735872,"message_id":685,"output":" ","stderr":true},"type":"standard_output"}
{"payload":{"local_timestamp":1726246735872,"message_id":686,"output":" ","stderr":true},"type":"standard_output"}
{"payload":{"local_timestamp":1726246735872,"message_id":687,"output":" ","stderr":true},"type":"standard_output"}
{"payload":{"local_timestamp":1726246735872,"message_id":688,"output":" ","stderr":true},"type":"standard_output"}
{"payload":{"local_timestamp":1726246735872,"message_id":689,"output":"^","stderr":true},"type":"standard_output"}
{"payload":{"local_timestamp":1726246735872,"message_id":690,"output":"^","stderr":true},"type":"standard_output"}
{"payload":{"local_timestamp":1726246735872,"message_id":691,"output":"^","stderr":true},"type":"standard_output"}
{"payload":{"local_timestamp":1726246735872,"message_id":692,"output":"^","stderr":true},"type":"standard_output"}
{"payload":{"local_timestamp":1726246735872,"message_id":693,"output":"^","stderr":true},"type":"standard_output"}
{"payload":{"local_timestamp":1726246735872,"message_id":694,"output":"^","stderr":true},"type":"standard_output"}
{"payload":{"local_timestamp":1726246735872,"message_id":695,"output":"^","stderr":true},"type":"standard_output"}
{"payload":{"local_timestamp":1726246735872,"message_id":696,"output":"^","stderr":true},"type":"standard_output"}
{"payload":{"local_timestamp":1726246735872,"message_id":697,"output":"^","stderr":true},"type":"standard_output"}
{"payload":{"local_timestamp":1726246735872,"message_id":698,"output":"^","stderr":true},"type":"standard_output"}
{"payload":{"local_timestamp":1726246735872,"message_id":699,"output":"^","stderr":true},"type":"standard_output"}
{"payload":{"local_timestamp":1726246735872,"message_id":700,"output":"^","stderr":true},"type":"standard_output"}
{"payload":{"local_timestamp":1726246735872,"message_id":701,"output":"^","stderr":true},"type":"standard_output"}
{"payload":{"local_timestamp":1726246735872,"message_id":702,"output":"^","stderr":true},"type":"standard_output"}
{"payload":{"local_timestamp":1726246735872,"message_id":703,"output":"^","stderr":true},"type":"standard_output"}
{"payload":{"local_timestamp":1726246735872,"message_id":704,"output":"^","stderr":true},"type":"standard_output"}
{"payload":{"local_timestamp":1726246735872,"message_id":705,"output":"^","stderr":true},"type":"standard_output"}
{"payload":{"local_timestamp":1726246735872,"message_id":706,"output":"^","stderr":true},"type":"standard_output"}
{"payload":{"local_timestamp":1726246735872,"message_id":707,"output":"^","stderr":true},"type":"standard_output"}
{"payload":{"local_timestamp":1726246735872,"message_id":708,"output":"^","stderr":true},"type":"standard_output"}
{"payload":{"local_timestamp":1726246735872,"message_id":709,"output":"^","stderr":true},"type":"standard_output"}
{"payload":{"local_timestamp":1726246735872,"message_id":710,"output":"^","stderr":true},"type":"standard_output"}
{"payload":{"local_timestamp":1726246735872,"message_id":711,"output":"^","stderr":true},"type":"standard_output"}
{"payload":{"local_timestamp":1726246735872,"message_id":712,"output":"^","stderr":true},"type":"standard_output"}
{"payload":{"local_timestamp":1726246735872,"message_id":713,"output":"^","stderr":true},"type":"standard_output"}
{"payload":{"local_timestamp":1726246735872,"message_id":714,"output":"^","stderr":true},"type":"standard_output"}
{"payload":{"local_timestamp":1726246735872,"message_id":715,"output":"^","stderr":true},"type":"standard_output"}
{"payload":{"local_timestamp":1726246735872,"message_id":716,"output":"^","stderr":true},"type":"standard_output"}
{"payload":{"local_timestamp":1726246735872,"message_id":717,"output":"^","stderr":true},"type":"standard_output"}
{"payload":{"local_timestamp":1726246735872,"message_id":718,"output":"^","stderr":true},"type":"standard_output"}
{"payload":{"local_timestamp":1726246735872,"message_id":719,"output":"^","stderr":true},"type":"standard_output"}
{"payload":{"local_timestamp":1726246735872,"message_id":720,"output":"^","stderr":true},"type":"standard_output"}
{"payload":{"local_timestamp":1726246735872,"message_id":721,"output":"^","stderr":true},"type":"standard_output"}
{"payload":{"local_timestamp":1726246735872,"message_id":722,"output":"^","stderr":true},"type":"standard_output"}
{"payload":{"local_timestamp":1726246735872,"message_id":723,"output":"^","stderr":true},"type":"standard_output"}
{"payload":{"local_timestamp":1726246735872,"message_id":724,"output":"^","stderr":true},"type":"standard_output"}
{"payload":{"local_timestamp":1726246735872,"message_id":725,"output":"^","stderr":true},"type":"standard_output"}
{"payload":{"local_timestamp":1726246735872,"message_id":726,"output":"^","stderr":true},"type":"standard_output"}
{"payload":{"local_timestamp":1726246735872,"message_id":727,"output":"^","stderr":true},"type":"standard_output"}
{"payload":{"local_timestamp":1726246735872,"message_id":728,"output":"^","stderr":true},"type":"standard_output"}
{"payload":{"local_timestamp":1726246735872,"message_id":729,"output":"^","stderr":true},"type":"standard_output"}
{"payload":{"local_timestamp":1726246735872,"message_id":730,"output":"^","stderr":true},"type":"standard_output"}
{"payload":{"local_timestamp":1726246735872,"message_id":731,"output":"^","stderr":true},"type":"standard_output"}
{"payload":{"local_timestamp":1726246735872,"message_id":732,"output":"^","stderr":true},"type":"standard_output"}
{"payload":{"local_timestamp":1726246735872,"message_id":733,"output":"^","stderr":true},"type":"standard_output"}
{"payload":{"local_timestamp":1726246735872,"message_id":734,"output":"^","stderr":true},"type":"standard_output"}
{"payload":{"local_timestamp":1726246735872,"message_id":735,"output":"\n","stderr":true},"type":"standard_output"}
{"payload":{"local_timestamp":1726246735872,"message_id":736,"output":"  File \"/Library/Frameworks/Python.framework/Versions/3.12/lib/python3.12/urllib/request.py\", line 1347, in do_open\n","stderr":true},"type":"standard_output"}
{"payload":{"local_timestamp":1726246735873,"message_id":737,"output":"    ","stderr":true},"type":"standard_output"}
{"payload":{"local_timestamp":1726246735873,"message_id":738,"output":"raise URLError(err)","stderr":true},"type":"standard_output"}
{"payload":{"local_timestamp":1726246735873,"message_id":739,"output":"\n","stderr":true},"type":"standard_output"}
{"payload":{"local_timestamp":1726246735873,"message_id":740,"output":"urllib.error","stderr":true},"type":"standard_output"}
{"payload":{"local_timestamp":1726246735873,"message_id":741,"output":".","stderr":true},"type":"standard_output"}
{"payload":{"local_timestamp":1726246735873,"message_id":742,"output":"URLError","stderr":true},"type":"standard_output"}
{"payload":{"local_timestamp":1726246735873,"message_id":743,"output":": ","stderr":true},"type":"standard_output"}
{"payload":{"local_timestamp":1726246735873,"message_id":744,"output":"<urlopen error [SSL: CERTIFICATE_VERIFY_FAILED] certificate verify failed: unable to get local issuer certificate (_ssl.c:1000)>","stderr":true},"type":"standard_output"}
{"payload":{"local_timestamp":1726246735873,"message_id":745,"output":"\n","stderr":true},"type":"standard_output"}
{"payload":{"local_timestamp":1726246735873,"message_id":746,"output":"\u001b[1;38;5;39mCOMET INFO:\u001b[0m ---------------------------------------------------------------------------------------\n","stderr":true},"type":"standard_output"}
{"payload":{"local_timestamp":1726246735873,"message_id":747,"output":"\u001b[1;38;5;39mCOMET INFO:\u001b[0m Comet.ml OfflineExperiment Summary\n","stderr":true},"type":"standard_output"}
{"payload":{"local_timestamp":1726246735873,"message_id":748,"output":"\u001b[1;38;5;39mCOMET INFO:\u001b[0m ---------------------------------------------------------------------------------------\n","stderr":true},"type":"standard_output"}
{"payload":{"local_timestamp":1726246735873,"message_id":749,"output":"\u001b[1;38;5;39mCOMET INFO:\u001b[0m   Data:\n","stderr":true},"type":"standard_output"}
{"payload":{"local_timestamp":1726246735873,"message_id":750,"output":"\u001b[1;38;5;39mCOMET INFO:\u001b[0m     display_summary_level : 1\n","stderr":true},"type":"standard_output"}
{"payload":{"local_timestamp":1726246735873,"message_id":751,"output":"\u001b[1;38;5;39mCOMET INFO:\u001b[0m     name                  : yolov5s_cbam\n","stderr":true},"type":"standard_output"}
{"payload":{"local_timestamp":1726246735874,"message_id":752,"output":"\u001b[1;38;5;39mCOMET INFO:\u001b[0m     url                   : [OfflineExperiment will get URL after upload]\n","stderr":true},"type":"standard_output"}
{"payload":{"local_timestamp":1726246735874,"message_id":753,"output":"\u001b[1;38;5;39mCOMET INFO:\u001b[0m   Others:\n","stderr":true},"type":"standard_output"}
{"payload":{"local_timestamp":1726246735874,"message_id":754,"output":"\u001b[1;38;5;39mCOMET INFO:\u001b[0m     Name               : yolov5s_cbam\n","stderr":true},"type":"standard_output"}
{"payload":{"local_timestamp":1726246735874,"message_id":755,"output":"\u001b[1;38;5;39mCOMET INFO:\u001b[0m     offline_experiment : True\n","stderr":true},"type":"standard_output"}
{"payload":{"local_timestamp":1726246735874,"message_id":756,"output":"\u001b[1;38;5;39mCOMET INFO:\u001b[0m   Uploads:\n","stderr":true},"type":"standard_output"}
{"payload":{"local_timestamp":1726246735874,"message_id":757,"output":"\u001b[1;38;5;39mCOMET INFO:\u001b[0m     asset               : 1 (440 bytes)\n","stderr":true},"type":"standard_output"}
{"payload":{"local_timestamp":1726246735874,"message_id":758,"output":"\u001b[1;38;5;39mCOMET INFO:\u001b[0m     environment details : 1\n","stderr":true},"type":"standard_output"}
{"payload":{"local_timestamp":1726246735874,"message_id":759,"output":"\u001b[1;38;5;39mCOMET INFO:\u001b[0m     git metadata        : 1\n","stderr":true},"type":"standard_output"}
{"payload":{"local_timestamp":1726246735874,"message_id":760,"output":"\u001b[1;38;5;39mCOMET INFO:\u001b[0m     installed packages  : 1\n","stderr":true},"type":"standard_output"}
{"payload":{"local_timestamp":1726246735874,"message_id":761,"output":"\u001b[1;38;5;39mCOMET INFO:\u001b[0m \n","stderr":true},"type":"standard_output"}
