{"payload":{"installed_packages":["appnope==0.1.4","asttokens==2.4.1","attrs==23.2.0","certifi==2024.8.30","charset-normalizer==3.3.2","comet-ml==3.43.1","comm==0.2.2","configobj==5.0.8","contourpy==1.2.1","cycler==0.12.1","debugpy==1.8.1","decorator==5.1.1","dulwich==0.22.1","everett==3.1.0","executing==2.0.1","filelock==3.15.1","fonttools==4.53.0","fsspec==2024.6.0","gitdb==4.0.11","gitpython==3.1.43","idna==3.7","ipykernel==6.29.4","ipython==8.25.0","jedi==0.19.1","jinja2==3.1.4","jsonschema==4.22.0","jsonschema-specifications==2023.12.1","jupyter_client==8.6.2","jupyter_core==5.7.2","kiwisolver==1.4.5","markdown-it-py==3.0.0","markupsafe==2.1.5","matplotlib==3.9.0","matplotlib-inline==0.1.7","mdurl==0.1.2","mpmath==1.3.0","nest-asyncio==1.6.0","networkx==3.3","numpy==1.26.4","opencv-python==4.10.0.82","packaging==24.1","pandas==2.2.2","parso==0.8.4","pexpect==4.9.0","pillow==10.3.0","pip==24.0","platformdirs==4.2.2","prompt_toolkit==3.0.47","psutil==5.9.8","ptyprocess==0.7.0","pure-eval==0.2.2","py-cpuinfo==9.0.0","pygments==2.18.0","pyparsing==3.1.2","python-box==6.1.0","python-dateutil==2.9.0.post0","pytz==2024.1","pyyaml==6.0.1","pyzmq==26.0.3","referencing==0.35.1","requests==2.32.3","requests-toolbelt==1.0.0","rich==13.7.1","rpds-py==0.18.1","scipy==1.13.1","seaborn==0.13.2","semantic-version==2.10.0","sentry-sdk==2.5.1","setuptools==70.0.0","simplejson==3.19.2","six==1.16.0","smmap==5.0.1","stack-data==0.6.3","sympy==1.12.1","thop==0.1.1-2209072238","torch==2.3.1","torchvision==0.18.1","tornado==6.4.1","tqdm==4.66.4","traitlets==5.14.3","typing_extensions==4.12.2","tzdata==2024.1","ultralytics==8.2.92","ultralytics-thop==2.0.6","urllib3==2.2.1","wcwidth==0.2.13","wheel==0.43.0","wrapt==1.16.0","wurlitzer==3.1.1"],"message_id":1},"type":"installed_packages"}
{"payload":{"command":["train.py","--img","640","--batch","16","--epochs","50","--data","/Users/camilleygrubay/projects/data-3/data.yaml","--cfg","models/yolov5s.yaml","--weights","","--name","yolov5s_cbam_classify"],"env":null,"hostname":"chichi.local","ip":"192.168.55.103","machine":"arm64","message_id":2,"os":"macOS-14.0-arm64-arm-64bit","os_release":"23.0.0","os_type":"Darwin","pid":22895,"processor":"arm","python_exe":"/usr/local/bin/python3","python_version":"3.12.4","python_version_verbose":"3.12.4 (v3.12.4:8e8a4baf65, Jun  6 2024, 17:33:18) [Clang 13.0.0 (clang-1300.0.29.30)]","user":"camilleygrubay"},"type":"system_details"}
{"payload":{"local_timestamp":1726558807540,"message_id":3,"metric":{"epoch":null,"metricName":"sys.cpu.percent.avg","metricValue":0.0,"step":null}},"type":"metric_msg"}
{"payload":{"local_timestamp":1726558807540,"message_id":4,"metric":{"epoch":null,"metricName":"sys.ram.total","metricValue":8589934592,"step":null}},"type":"metric_msg"}
{"payload":{"local_timestamp":1726558807540,"message_id":5,"metric":{"epoch":null,"metricName":"sys.ram.used","metricValue":7261011968,"step":null}},"type":"metric_msg"}
{"payload":{"local_timestamp":1726558807540,"message_id":6,"metric":{"epoch":null,"metricName":"sys.ram.available","metricValue":1328922624,"step":null}},"type":"metric_msg"}
{"payload":{"local_timestamp":1726558807540,"message_id":7,"metric":{"epoch":null,"metricName":"sys.ram.percent.used","metricValue":84.5,"step":null}},"type":"metric_msg"}
{"payload":{"local_timestamp":1726558807540,"message_id":8,"metric":{"epoch":null,"metricName":"sys.load.avg","metricValue":8.95556640625,"step":null}},"type":"metric_msg"}
{"payload":{"local_timestamp":1726558807541,"message_id":9,"output":"\u001b[1;38;5;196mCOMET ERROR:\u001b[0m Failed to set run cmd args\n","stderr":true},"type":"standard_output"}
{"payload":{"key":"offline_experiment","message_id":10,"value":true},"type":"log_other"}
{"payload":{"key":"Name","message_id":11,"value":"yolov5s_cbam_classify"},"type":"log_other"}
{"payload":{"additional_params":{"assetId":"ab6a879500844db58fe95697037ea73b","context":null,"extension":"yaml","fileName":"data.yaml","overwrite":false,"runId":null,"step":null},"clean":true,"file_path":"tmpclwuo78_","local_timestamp":1726558807549,"message_id":12,"metadata":{"type":"data-config-file"},"upload_type":"asset"},"type":"file_upload"}
{"payload":{"local_timestamp":1726558807559,"message_id":13,"output":"\nDataset not found \u26a0\ufe0f, missing paths ['/Users/camilleygrubay/Projects/yolov5/valid/images']\n","stderr":true},"type":"standard_output"}
{"payload":{"local_timestamp":1726558807561,"message_id":14,"output":"Traceback (most recent call last):\n","stderr":true},"type":"standard_output"}
{"payload":{"local_timestamp":1726558807563,"message_id":15,"output":"  File \"/Users/camilleygrubay/Projects/yolov5/train.py\", line 986, in <module>\n","stderr":true},"type":"standard_output"}
{"payload":{"local_timestamp":1726558807564,"message_id":16,"output":"    ","stderr":true},"type":"standard_output"}
{"payload":{"local_timestamp":1726558807564,"message_id":17,"output":"main(opt)","stderr":true},"type":"standard_output"}
{"payload":{"local_timestamp":1726558807564,"message_id":18,"output":"\n","stderr":true},"type":"standard_output"}
{"payload":{"local_timestamp":1726558807565,"message_id":19,"output":"  File \"/Users/camilleygrubay/Projects/yolov5/train.py\", line 688, in main\n","stderr":true},"type":"standard_output"}
{"payload":{"local_timestamp":1726558807565,"message_id":20,"output":"    ","stderr":true},"type":"standard_output"}
{"payload":{"local_timestamp":1726558807565,"message_id":21,"output":"train(opt.hyp, opt, device, callbacks)","stderr":true},"type":"standard_output"}
{"payload":{"local_timestamp":1726558807565,"message_id":22,"output":"\n","stderr":true},"type":"standard_output"}
{"payload":{"local_timestamp":1726558807566,"message_id":23,"output":"  File \"/Users/camilleygrubay/Projects/yolov5/train.py\", line 180, in train\n","stderr":true},"type":"standard_output"}
{"payload":{"local_timestamp":1726558807567,"message_id":24,"output":"    ","stderr":true},"type":"standard_output"}
{"payload":{"local_timestamp":1726558807567,"message_id":25,"output":"loggers = Loggers(","stderr":true},"type":"standard_output"}
{"payload":{"local_timestamp":1726558807567,"message_id":26,"output":"\n","stderr":true},"type":"standard_output"}
{"payload":{"local_timestamp":1726558807567,"message_id":27,"output":" ","stderr":true},"type":"standard_output"}
{"payload":{"local_timestamp":1726558807567,"message_id":28,"output":" ","stderr":true},"type":"standard_output"}
{"payload":{"local_timestamp":1726558807567,"message_id":29,"output":" ","stderr":true},"type":"standard_output"}
{"payload":{"local_timestamp":1726558807567,"message_id":30,"output":" ","stderr":true},"type":"standard_output"}
{"payload":{"local_timestamp":1726558807567,"message_id":31,"output":" ","stderr":true},"type":"standard_output"}
{"payload":{"local_timestamp":1726558807567,"message_id":32,"output":" ","stderr":true},"type":"standard_output"}
{"payload":{"local_timestamp":1726558807567,"message_id":33,"output":" ","stderr":true},"type":"standard_output"}
{"payload":{"local_timestamp":1726558807567,"message_id":34,"output":" ","stderr":true},"type":"standard_output"}
{"payload":{"local_timestamp":1726558807567,"message_id":35,"output":" ","stderr":true},"type":"standard_output"}
{"payload":{"local_timestamp":1726558807567,"message_id":36,"output":" ","stderr":true},"type":"standard_output"}
{"payload":{"local_timestamp":1726558807567,"message_id":37,"output":" ","stderr":true},"type":"standard_output"}
{"payload":{"local_timestamp":1726558807567,"message_id":38,"output":" ","stderr":true},"type":"standard_output"}
{"payload":{"local_timestamp":1726558807567,"message_id":39,"output":" ","stderr":true},"type":"standard_output"}
{"payload":{"local_timestamp":1726558807567,"message_id":40,"output":" ","stderr":true},"type":"standard_output"}
{"payload":{"local_timestamp":1726558807567,"message_id":41,"output":"^","stderr":true},"type":"standard_output"}
{"payload":{"local_timestamp":1726558807567,"message_id":42,"output":"^","stderr":true},"type":"standard_output"}
{"payload":{"local_timestamp":1726558807567,"message_id":43,"output":"^","stderr":true},"type":"standard_output"}
{"payload":{"local_timestamp":1726558807567,"message_id":44,"output":"^","stderr":true},"type":"standard_output"}
{"payload":{"local_timestamp":1726558807567,"message_id":45,"output":"^","stderr":true},"type":"standard_output"}
{"payload":{"local_timestamp":1726558807567,"message_id":46,"output":"^","stderr":true},"type":"standard_output"}
{"payload":{"local_timestamp":1726558807567,"message_id":47,"output":"^","stderr":true},"type":"standard_output"}
{"payload":{"local_timestamp":1726558807567,"message_id":48,"output":"^","stderr":true},"type":"standard_output"}
{"payload":{"local_timestamp":1726558807567,"message_id":49,"output":"\n","stderr":true},"type":"standard_output"}
{"payload":{"local_timestamp":1726558807567,"message_id":50,"output":"  File \"/Users/camilleygrubay/Projects/yolov5/utils/loggers/__init__.py\", line 153, in __init__\n","stderr":true},"type":"standard_output"}
{"payload":{"local_timestamp":1726558807567,"message_id":51,"output":"    ","stderr":true},"type":"standard_output"}
{"payload":{"local_timestamp":1726558807567,"message_id":52,"output":"self.comet_logger = CometLogger(self.opt, self.hyp)","stderr":true},"type":"standard_output"}
{"payload":{"local_timestamp":1726558807568,"message_id":53,"output":"\n","stderr":true},"type":"standard_output"}
{"payload":{"local_timestamp":1726558807568,"message_id":54,"output":" ","stderr":true},"type":"standard_output"}
{"payload":{"local_timestamp":1726558807568,"message_id":55,"output":" ","stderr":true},"type":"standard_output"}
{"payload":{"local_timestamp":1726558807568,"message_id":56,"output":" ","stderr":true},"type":"standard_output"}
{"payload":{"local_timestamp":1726558807568,"message_id":57,"output":" ","stderr":true},"type":"standard_output"}
{"payload":{"local_timestamp":1726558807568,"message_id":58,"output":" ","stderr":true},"type":"standard_output"}
{"payload":{"local_timestamp":1726558807568,"message_id":59,"output":" ","stderr":true},"type":"standard_output"}
{"payload":{"local_timestamp":1726558807568,"message_id":60,"output":" ","stderr":true},"type":"standard_output"}
{"payload":{"local_timestamp":1726558807568,"message_id":61,"output":" ","stderr":true},"type":"standard_output"}
{"payload":{"local_timestamp":1726558807568,"message_id":62,"output":" ","stderr":true},"type":"standard_output"}
{"payload":{"local_timestamp":1726558807568,"message_id":63,"output":" ","stderr":true},"type":"standard_output"}
{"payload":{"local_timestamp":1726558807568,"message_id":64,"output":" ","stderr":true},"type":"standard_output"}
{"payload":{"local_timestamp":1726558807568,"message_id":65,"output":" ","stderr":true},"type":"standard_output"}
{"payload":{"local_timestamp":1726558807568,"message_id":66,"output":" ","stderr":true},"type":"standard_output"}
{"payload":{"local_timestamp":1726558807568,"message_id":67,"output":" ","stderr":true},"type":"standard_output"}
{"payload":{"local_timestamp":1726558807568,"message_id":68,"output":" ","stderr":true},"type":"standard_output"}
{"payload":{"local_timestamp":1726558807568,"message_id":69,"output":" ","stderr":true},"type":"standard_output"}
{"payload":{"local_timestamp":1726558807568,"message_id":70,"output":" ","stderr":true},"type":"standard_output"}
{"payload":{"local_timestamp":1726558807568,"message_id":71,"output":" ","stderr":true},"type":"standard_output"}
{"payload":{"local_timestamp":1726558807568,"message_id":72,"output":" ","stderr":true},"type":"standard_output"}
{"payload":{"local_timestamp":1726558807568,"message_id":73,"output":" ","stderr":true},"type":"standard_output"}
{"payload":{"local_timestamp":1726558807568,"message_id":74,"output":" ","stderr":true},"type":"standard_output"}
{"payload":{"local_timestamp":1726558807568,"message_id":75,"output":" ","stderr":true},"type":"standard_output"}
{"payload":{"local_timestamp":1726558807568,"message_id":76,"output":" ","stderr":true},"type":"standard_output"}
{"payload":{"local_timestamp":1726558807568,"message_id":77,"output":" ","stderr":true},"type":"standard_output"}
{"payload":{"local_timestamp":1726558807568,"message_id":78,"output":"^","stderr":true},"type":"standard_output"}
{"payload":{"local_timestamp":1726558807568,"message_id":79,"output":"^","stderr":true},"type":"standard_output"}
{"payload":{"local_timestamp":1726558807568,"message_id":80,"output":"^","stderr":true},"type":"standard_output"}
{"payload":{"local_timestamp":1726558807568,"message_id":81,"output":"^","stderr":true},"type":"standard_output"}
{"payload":{"local_timestamp":1726558807568,"message_id":82,"output":"^","stderr":true},"type":"standard_output"}
{"payload":{"local_timestamp":1726558807568,"message_id":83,"output":"^","stderr":true},"type":"standard_output"}
{"payload":{"local_timestamp":1726558807568,"message_id":84,"output":"^","stderr":true},"type":"standard_output"}
{"payload":{"local_timestamp":1726558807568,"message_id":85,"output":"^","stderr":true},"type":"standard_output"}
{"payload":{"local_timestamp":1726558807568,"message_id":86,"output":"^","stderr":true},"type":"standard_output"}
{"payload":{"local_timestamp":1726558807568,"message_id":87,"output":"^","stderr":true},"type":"standard_output"}
{"payload":{"local_timestamp":1726558807568,"message_id":88,"output":"^","stderr":true},"type":"standard_output"}
{"payload":{"local_timestamp":1726558807568,"message_id":89,"output":"^","stderr":true},"type":"standard_output"}
{"payload":{"local_timestamp":1726558807568,"message_id":90,"output":"^","stderr":true},"type":"standard_output"}
{"payload":{"local_timestamp":1726558807568,"message_id":91,"output":"^","stderr":true},"type":"standard_output"}
{"payload":{"local_timestamp":1726558807568,"message_id":92,"output":"^","stderr":true},"type":"standard_output"}
{"payload":{"local_timestamp":1726558807568,"message_id":93,"output":"^","stderr":true},"type":"standard_output"}
{"payload":{"local_timestamp":1726558807568,"message_id":94,"output":"^","stderr":true},"type":"standard_output"}
{"payload":{"local_timestamp":1726558807568,"message_id":95,"output":"^","stderr":true},"type":"standard_output"}
{"payload":{"local_timestamp":1726558807568,"message_id":96,"output":"^","stderr":true},"type":"standard_output"}
{"payload":{"local_timestamp":1726558807568,"message_id":97,"output":"^","stderr":true},"type":"standard_output"}
{"payload":{"local_timestamp":1726558807568,"message_id":98,"output":"^","stderr":true},"type":"standard_output"}
{"payload":{"local_timestamp":1726558807568,"message_id":99,"output":"^","stderr":true},"type":"standard_output"}
{"payload":{"local_timestamp":1726558807568,"message_id":100,"output":"^","stderr":true},"type":"standard_output"}
{"payload":{"local_timestamp":1726558807568,"message_id":101,"output":"^","stderr":true},"type":"standard_output"}
{"payload":{"local_timestamp":1726558807568,"message_id":102,"output":"^","stderr":true},"type":"standard_output"}
{"payload":{"local_timestamp":1726558807568,"message_id":103,"output":"^","stderr":true},"type":"standard_output"}
{"payload":{"local_timestamp":1726558807568,"message_id":104,"output":"^","stderr":true},"type":"standard_output"}
{"payload":{"local_timestamp":1726558807568,"message_id":105,"output":"^","stderr":true},"type":"standard_output"}
{"payload":{"local_timestamp":1726558807568,"message_id":106,"output":"^","stderr":true},"type":"standard_output"}
{"payload":{"local_timestamp":1726558807568,"message_id":107,"output":"^","stderr":true},"type":"standard_output"}
{"payload":{"local_timestamp":1726558807568,"message_id":108,"output":"^","stderr":true},"type":"standard_output"}
{"payload":{"local_timestamp":1726558807568,"message_id":109,"output":"\n","stderr":true},"type":"standard_output"}
{"payload":{"local_timestamp":1726558807568,"message_id":110,"output":"  File \"/Users/camilleygrubay/Projects/yolov5/utils/loggers/comet/__init__.py\", line 102, in __init__\n","stderr":true},"type":"standard_output"}
{"payload":{"local_timestamp":1726558807568,"message_id":111,"output":"    ","stderr":true},"type":"standard_output"}
{"payload":{"local_timestamp":1726558807568,"message_id":112,"output":"self.data_dict = self.check_dataset(self.opt.data)","stderr":true},"type":"standard_output"}
{"payload":{"local_timestamp":1726558807568,"message_id":113,"output":"\n","stderr":true},"type":"standard_output"}
{"payload":{"local_timestamp":1726558807568,"message_id":114,"output":" ","stderr":true},"type":"standard_output"}
{"payload":{"local_timestamp":1726558807568,"message_id":115,"output":" ","stderr":true},"type":"standard_output"}
{"payload":{"local_timestamp":1726558807568,"message_id":116,"output":" ","stderr":true},"type":"standard_output"}
{"payload":{"local_timestamp":1726558807568,"message_id":117,"output":" ","stderr":true},"type":"standard_output"}
{"payload":{"local_timestamp":1726558807568,"message_id":118,"output":" ","stderr":true},"type":"standard_output"}
{"payload":{"local_timestamp":1726558807568,"message_id":119,"output":" ","stderr":true},"type":"standard_output"}
{"payload":{"local_timestamp":1726558807568,"message_id":120,"output":" ","stderr":true},"type":"standard_output"}
{"payload":{"local_timestamp":1726558807568,"message_id":121,"output":" ","stderr":true},"type":"standard_output"}
{"payload":{"local_timestamp":1726558807568,"message_id":122,"output":" ","stderr":true},"type":"standard_output"}
{"payload":{"local_timestamp":1726558807568,"message_id":123,"output":" ","stderr":true},"type":"standard_output"}
{"payload":{"local_timestamp":1726558807568,"message_id":124,"output":" ","stderr":true},"type":"standard_output"}
{"payload":{"local_timestamp":1726558807568,"message_id":125,"output":" ","stderr":true},"type":"standard_output"}
{"payload":{"local_timestamp":1726558807568,"message_id":126,"output":" ","stderr":true},"type":"standard_output"}
{"payload":{"local_timestamp":1726558807568,"message_id":127,"output":" ","stderr":true},"type":"standard_output"}
{"payload":{"local_timestamp":1726558807568,"message_id":128,"output":" ","stderr":true},"type":"standard_output"}
{"payload":{"local_timestamp":1726558807568,"message_id":129,"output":" ","stderr":true},"type":"standard_output"}
{"payload":{"local_timestamp":1726558807568,"message_id":130,"output":" ","stderr":true},"type":"standard_output"}
{"payload":{"local_timestamp":1726558807568,"message_id":131,"output":" ","stderr":true},"type":"standard_output"}
{"payload":{"local_timestamp":1726558807568,"message_id":132,"output":" ","stderr":true},"type":"standard_output"}
{"payload":{"local_timestamp":1726558807568,"message_id":133,"output":" ","stderr":true},"type":"standard_output"}
{"payload":{"local_timestamp":1726558807568,"message_id":134,"output":" ","stderr":true},"type":"standard_output"}
{"payload":{"local_timestamp":1726558807568,"message_id":135,"output":"^","stderr":true},"type":"standard_output"}
{"payload":{"local_timestamp":1726558807568,"message_id":136,"output":"^","stderr":true},"type":"standard_output"}
{"payload":{"local_timestamp":1726558807568,"message_id":137,"output":"^","stderr":true},"type":"standard_output"}
{"payload":{"local_timestamp":1726558807568,"message_id":138,"output":"^","stderr":true},"type":"standard_output"}
{"payload":{"local_timestamp":1726558807568,"message_id":139,"output":"^","stderr":true},"type":"standard_output"}
{"payload":{"local_timestamp":1726558807568,"message_id":140,"output":"^","stderr":true},"type":"standard_output"}
{"payload":{"local_timestamp":1726558807568,"message_id":141,"output":"^","stderr":true},"type":"standard_output"}
{"payload":{"local_timestamp":1726558807568,"message_id":142,"output":"^","stderr":true},"type":"standard_output"}
{"payload":{"local_timestamp":1726558807568,"message_id":143,"output":"^","stderr":true},"type":"standard_output"}
{"payload":{"local_timestamp":1726558807568,"message_id":144,"output":"^","stderr":true},"type":"standard_output"}
{"payload":{"local_timestamp":1726558807568,"message_id":145,"output":"^","stderr":true},"type":"standard_output"}
{"payload":{"local_timestamp":1726558807568,"message_id":146,"output":"^","stderr":true},"type":"standard_output"}
{"payload":{"local_timestamp":1726558807568,"message_id":147,"output":"^","stderr":true},"type":"standard_output"}
{"payload":{"local_timestamp":1726558807568,"message_id":148,"output":"^","stderr":true},"type":"standard_output"}
{"payload":{"local_timestamp":1726558807568,"message_id":149,"output":"^","stderr":true},"type":"standard_output"}
{"payload":{"local_timestamp":1726558807568,"message_id":150,"output":"^","stderr":true},"type":"standard_output"}
{"payload":{"local_timestamp":1726558807568,"message_id":151,"output":"^","stderr":true},"type":"standard_output"}
{"payload":{"local_timestamp":1726558807568,"message_id":152,"output":"^","stderr":true},"type":"standard_output"}
{"payload":{"local_timestamp":1726558807568,"message_id":153,"output":"^","stderr":true},"type":"standard_output"}
{"payload":{"local_timestamp":1726558807568,"message_id":154,"output":"^","stderr":true},"type":"standard_output"}
{"payload":{"local_timestamp":1726558807568,"message_id":155,"output":"^","stderr":true},"type":"standard_output"}
{"payload":{"local_timestamp":1726558807568,"message_id":156,"output":"^","stderr":true},"type":"standard_output"}
{"payload":{"local_timestamp":1726558807569,"message_id":157,"output":"^","stderr":true},"type":"standard_output"}
{"payload":{"local_timestamp":1726558807569,"message_id":158,"output":"^","stderr":true},"type":"standard_output"}
{"payload":{"local_timestamp":1726558807569,"message_id":159,"output":"^","stderr":true},"type":"standard_output"}
{"payload":{"local_timestamp":1726558807569,"message_id":160,"output":"^","stderr":true},"type":"standard_output"}
{"payload":{"local_timestamp":1726558807569,"message_id":161,"output":"^","stderr":true},"type":"standard_output"}
{"payload":{"local_timestamp":1726558807569,"message_id":162,"output":"^","stderr":true},"type":"standard_output"}
{"payload":{"local_timestamp":1726558807569,"message_id":163,"output":"^","stderr":true},"type":"standard_output"}
{"payload":{"local_timestamp":1726558807569,"message_id":164,"output":"^","stderr":true},"type":"standard_output"}
{"payload":{"local_timestamp":1726558807569,"message_id":165,"output":"^","stderr":true},"type":"standard_output"}
{"payload":{"local_timestamp":1726558807569,"message_id":166,"output":"^","stderr":true},"type":"standard_output"}
{"payload":{"local_timestamp":1726558807569,"message_id":167,"output":"^","stderr":true},"type":"standard_output"}
{"payload":{"local_timestamp":1726558807569,"message_id":168,"output":"\n","stderr":true},"type":"standard_output"}
{"payload":{"local_timestamp":1726558807569,"message_id":169,"output":"  File \"/Users/camilleygrubay/Projects/yolov5/utils/loggers/comet/__init__.py\", line 260, in check_dataset\n","stderr":true},"type":"standard_output"}
{"payload":{"local_timestamp":1726558807569,"message_id":170,"output":"    ","stderr":true},"type":"standard_output"}
{"payload":{"local_timestamp":1726558807569,"message_id":171,"output":"return check_dataset(data_file)","stderr":true},"type":"standard_output"}
{"payload":{"local_timestamp":1726558807569,"message_id":172,"output":"\n","stderr":true},"type":"standard_output"}
{"payload":{"local_timestamp":1726558807569,"message_id":173,"output":" ","stderr":true},"type":"standard_output"}
{"payload":{"local_timestamp":1726558807569,"message_id":174,"output":" ","stderr":true},"type":"standard_output"}
{"payload":{"local_timestamp":1726558807569,"message_id":175,"output":" ","stderr":true},"type":"standard_output"}
{"payload":{"local_timestamp":1726558807569,"message_id":176,"output":" ","stderr":true},"type":"standard_output"}
{"payload":{"local_timestamp":1726558807569,"message_id":177,"output":" ","stderr":true},"type":"standard_output"}
{"payload":{"local_timestamp":1726558807569,"message_id":178,"output":" ","stderr":true},"type":"standard_output"}
{"payload":{"local_timestamp":1726558807569,"message_id":179,"output":" ","stderr":true},"type":"standard_output"}
{"payload":{"local_timestamp":1726558807569,"message_id":180,"output":" ","stderr":true},"type":"standard_output"}
{"payload":{"local_timestamp":1726558807569,"message_id":181,"output":" ","stderr":true},"type":"standard_output"}
{"payload":{"local_timestamp":1726558807569,"message_id":182,"output":" ","stderr":true},"type":"standard_output"}
{"payload":{"local_timestamp":1726558807569,"message_id":183,"output":" ","stderr":true},"type":"standard_output"}
{"payload":{"local_timestamp":1726558807569,"message_id":184,"output":"^","stderr":true},"type":"standard_output"}
{"payload":{"local_timestamp":1726558807569,"message_id":185,"output":"^","stderr":true},"type":"standard_output"}
{"payload":{"local_timestamp":1726558807569,"message_id":186,"output":"^","stderr":true},"type":"standard_output"}
{"payload":{"local_timestamp":1726558807569,"message_id":187,"output":"^","stderr":true},"type":"standard_output"}
{"payload":{"local_timestamp":1726558807569,"message_id":188,"output":"^","stderr":true},"type":"standard_output"}
{"payload":{"local_timestamp":1726558807569,"message_id":189,"output":"^","stderr":true},"type":"standard_output"}
{"payload":{"local_timestamp":1726558807569,"message_id":190,"output":"^","stderr":true},"type":"standard_output"}
{"payload":{"local_timestamp":1726558807569,"message_id":191,"output":"^","stderr":true},"type":"standard_output"}
{"payload":{"local_timestamp":1726558807569,"message_id":192,"output":"^","stderr":true},"type":"standard_output"}
{"payload":{"local_timestamp":1726558807569,"message_id":193,"output":"^","stderr":true},"type":"standard_output"}
{"payload":{"local_timestamp":1726558807569,"message_id":194,"output":"^","stderr":true},"type":"standard_output"}
{"payload":{"local_timestamp":1726558807569,"message_id":195,"output":"^","stderr":true},"type":"standard_output"}
{"payload":{"local_timestamp":1726558807569,"message_id":196,"output":"^","stderr":true},"type":"standard_output"}
{"payload":{"local_timestamp":1726558807569,"message_id":197,"output":"^","stderr":true},"type":"standard_output"}
{"payload":{"local_timestamp":1726558807569,"message_id":198,"output":"^","stderr":true},"type":"standard_output"}
{"payload":{"local_timestamp":1726558807569,"message_id":199,"output":"^","stderr":true},"type":"standard_output"}
{"payload":{"local_timestamp":1726558807569,"message_id":200,"output":"^","stderr":true},"type":"standard_output"}
{"payload":{"local_timestamp":1726558807569,"message_id":201,"output":"^","stderr":true},"type":"standard_output"}
{"payload":{"local_timestamp":1726558807569,"message_id":202,"output":"^","stderr":true},"type":"standard_output"}
{"payload":{"local_timestamp":1726558807569,"message_id":203,"output":"^","stderr":true},"type":"standard_output"}
{"payload":{"local_timestamp":1726558807569,"message_id":204,"output":"^","stderr":true},"type":"standard_output"}
{"payload":{"local_timestamp":1726558807569,"message_id":205,"output":"^","stderr":true},"type":"standard_output"}
{"payload":{"local_timestamp":1726558807569,"message_id":206,"output":"^","stderr":true},"type":"standard_output"}
{"payload":{"local_timestamp":1726558807569,"message_id":207,"output":"^","stderr":true},"type":"standard_output"}
{"payload":{"local_timestamp":1726558807569,"message_id":208,"output":"\n","stderr":true},"type":"standard_output"}
{"payload":{"local_timestamp":1726558807569,"message_id":209,"output":"  File \"/Users/camilleygrubay/Projects/yolov5/utils/general.py\", line 565, in check_dataset\n","stderr":true},"type":"standard_output"}
{"payload":{"local_timestamp":1726558807572,"message_id":210,"output":"    ","stderr":true},"type":"standard_output"}
{"payload":{"local_timestamp":1726558807572,"message_id":211,"output":"raise Exception(\"Dataset not found \u274c\")","stderr":true},"type":"standard_output"}
{"payload":{"local_timestamp":1726558807572,"message_id":212,"output":"\n","stderr":true},"type":"standard_output"}
{"payload":{"local_timestamp":1726558807572,"message_id":213,"output":"Exception","stderr":true},"type":"standard_output"}
{"payload":{"local_timestamp":1726558807572,"message_id":214,"output":": ","stderr":true},"type":"standard_output"}
{"payload":{"local_timestamp":1726558807572,"message_id":215,"output":"Dataset not found \u274c","stderr":true},"type":"standard_output"}
{"payload":{"local_timestamp":1726558807572,"message_id":216,"output":"\n","stderr":true},"type":"standard_output"}
{"payload":{"git_metadata":{"branch":"refs/heads/master","origin":"https://github.com/ultralytics/yolov5","parent":"f7322921acec565c1296a47305db6de3b5a593f7","repo_name":"yolov5","root":"1e84a23f38fad9e52b59101e9f1246d93066ed1e","status":null,"user":null},"message_id":217},"type":"git_metadata"}
{"payload":{"local_timestamp":1726558807705,"message_id":218,"output":"\u001b[1;38;5;39mCOMET INFO:\u001b[0m ---------------------------------------------------------------------------------------\n","stderr":true},"type":"standard_output"}
{"payload":{"local_timestamp":1726558807705,"message_id":219,"output":"\u001b[1;38;5;39mCOMET INFO:\u001b[0m Comet.ml OfflineExperiment Summary\n","stderr":true},"type":"standard_output"}
{"payload":{"local_timestamp":1726558807705,"message_id":220,"output":"\u001b[1;38;5;39mCOMET INFO:\u001b[0m ---------------------------------------------------------------------------------------\n","stderr":true},"type":"standard_output"}
{"payload":{"local_timestamp":1726558807705,"message_id":221,"output":"\u001b[1;38;5;39mCOMET INFO:\u001b[0m   Data:\n","stderr":true},"type":"standard_output"}
{"payload":{"local_timestamp":1726558807705,"message_id":222,"output":"\u001b[1;38;5;39mCOMET INFO:\u001b[0m     display_summary_level : 1\n","stderr":true},"type":"standard_output"}
{"payload":{"local_timestamp":1726558807705,"message_id":223,"output":"\u001b[1;38;5;39mCOMET INFO:\u001b[0m     name                  : yolov5s_cbam_classify\n","stderr":true},"type":"standard_output"}
{"payload":{"local_timestamp":1726558807705,"message_id":224,"output":"\u001b[1;38;5;39mCOMET INFO:\u001b[0m     url                   : [OfflineExperiment will get URL after upload]\n","stderr":true},"type":"standard_output"}
{"payload":{"local_timestamp":1726558807705,"message_id":225,"output":"\u001b[1;38;5;39mCOMET INFO:\u001b[0m   Others:\n","stderr":true},"type":"standard_output"}
{"payload":{"local_timestamp":1726558807705,"message_id":226,"output":"\u001b[1;38;5;39mCOMET INFO:\u001b[0m     Name               : yolov5s_cbam_classify\n","stderr":true},"type":"standard_output"}
{"payload":{"local_timestamp":1726558807705,"message_id":227,"output":"\u001b[1;38;5;39mCOMET INFO:\u001b[0m     offline_experiment : True\n","stderr":true},"type":"standard_output"}
{"payload":{"local_timestamp":1726558807705,"message_id":228,"output":"\u001b[1;38;5;39mCOMET INFO:\u001b[0m   Uploads:\n","stderr":true},"type":"standard_output"}
{"payload":{"local_timestamp":1726558807705,"message_id":229,"output":"\u001b[1;38;5;39mCOMET INFO:\u001b[0m     asset               : 1 (428 bytes)\n","stderr":true},"type":"standard_output"}
{"payload":{"local_timestamp":1726558807706,"message_id":230,"output":"\u001b[1;38;5;39mCOMET INFO:\u001b[0m     environment details : 1\n","stderr":true},"type":"standard_output"}
{"payload":{"local_timestamp":1726558807706,"message_id":231,"output":"\u001b[1;38;5;39mCOMET INFO:\u001b[0m     git metadata        : 1\n","stderr":true},"type":"standard_output"}
{"payload":{"local_timestamp":1726558807706,"message_id":232,"output":"\u001b[1;38;5;39mCOMET INFO:\u001b[0m     installed packages  : 1\n","stderr":true},"type":"standard_output"}
{"payload":{"local_timestamp":1726558807706,"message_id":233,"output":"\u001b[1;38;5;39mCOMET INFO:\u001b[0m \n","stderr":true},"type":"standard_output"}
{"payload":{"local_timestamp":1726558807751,"message_id":234,"metric":{"epoch":null,"metricName":"sys.disk.root.used","metricValue":14832533504,"step":null}},"type":"metric_msg"}
{"payload":{"local_timestamp":1726558807751,"message_id":235,"metric":{"epoch":null,"metricName":"sys.disk.root.percent.used","metricValue":42.2,"step":null}},"type":"metric_msg"}
