{"offline_id": "0b38f2ed908a415fa80410d2c83036d9", "project_name": "yolov5", "start_time": 1726562446994, "stop_time": 1726562449660, "tags": [], "workspace": null, "resume_strategy": "create", "customer_error_reported": true, "customer_error_message": "Unexpected error detected in the user script: RuntimeError('Given groups=1, weight of size [64, 1024, 1, 1], expected input[1, 512, 1, 1] to have 1024 channels, but got 512 channels instead')", "user_provided_experiment_key": false, "comet_start_sourced": false}