{"offline_id": "a5c63a9c84284ed2954c80bf14e1d975", "project_name": "yolov5", "start_time": 1726562750120, "stop_time": 1726562756233, "tags": [], "workspace": null, "resume_strategy": "create", "customer_error_reported": true, "customer_error_message": "Unexpected error detected in the user script: TypeError(\"max() received an invalid combination of arguments - got (Tensor, keepdim=bool, dim=list), but expected one of:\\n * (Tensor input, *, Tensor out)\\n      didn't match because some of the keywords were incorrect: keepdim, dim\\n * (Tensor input, Tensor other, *, Tensor out)\\n * (Tensor input, int dim, bool keepdim, *, tuple of Tensors out)\\n * (Tensor input, name dim, bool keepdim, *, tuple of Tensors out)\\n\")", "user_provided_experiment_key": false, "comet_start_sourced": false}