{"offline_id": "bbe4073100a74d19b4b6770ecdfedd0f", "project_name": "yolov5", "start_time": 1726558885904, "stop_time": 1726558888742, "tags": [], "workspace": null, "resume_strategy": "create", "customer_error_reported": true, "customer_error_message": "Unexpected error detected in the user script: RuntimeError('Given groups=1, weight of size [8, 128, 1, 1], expected input[1, 64, 1, 1] to have 128 channels, but got 64 channels instead')", "user_provided_experiment_key": false, "comet_start_sourced": false}